<NewDataSet>
  <xs:schema id="NewDataSet" xmlns="" xmlns:xs="http://www.w3.org/2001/XMLSchema" xmlns:msdata="urn:schemas-microsoft-com:xml-msdata">
    <xs:element name="NewDataSet" msdata:IsDataSet="true" msdata:UseCurrentLocale="true" msdata:IsReadOnly="False">
      <xs:complexType>
        <xs:choice minOccurs="0" maxOccurs="unbounded">
          <xs:element name="CMS_ObjectWorkflowTrigger">
            <xs:complexType>
              <xs:sequence>
                <xs:element name="TriggerID" type="xs:int" minOccurs="0" />
                <xs:element name="TriggerGUID" msdata:DataType="System.Guid, mscorlib, Version=4.0.0.0, Culture=neutral, PublicKeyToken=b77a5c561934e089" type="xs:string" minOccurs="0" />
                <xs:element name="TriggerLastModified" type="xs:dateTime" minOccurs="0" />
                <xs:element name="TriggerType" type="xs:int" minOccurs="0" />
                <xs:element name="TriggerMacroCondition" type="xs:string" minOccurs="0" />
                <xs:element name="TriggerWorkflowID" type="xs:int" minOccurs="0" />
                <xs:element name="TriggerSiteID" type="xs:int" minOccurs="0" />
              </xs:sequence>
            </xs:complexType>
          </xs:element>
        </xs:choice>
      </xs:complexType>
    </xs:element>
  </xs:schema>
  <CMS_ObjectWorkflowTrigger>
    <TriggerID>273</TriggerID>
    <TriggerGUID>805fce3b-4f32-423c-b86c-2aa4fbfabf0f</TriggerGUID>
    <TriggerLastModified>2012-08-29T07:14:15.39+02:00</TriggerLastModified>
    <TriggerType>0</TriggerType>
    <TriggerMacroCondition>{%false%}</TriggerMacroCondition>
    <TriggerWorkflowID>497</TriggerWorkflowID>
  </CMS_ObjectWorkflowTrigger>
  <CMS_ObjectWorkflowTrigger>
    <TriggerID>281</TriggerID>
    <TriggerGUID>0518c199-bf09-43eb-b969-1e284bcc3f2e</TriggerGUID>
    <TriggerLastModified>2014-02-13T20:45:26.1981085+01:00</TriggerLastModified>
    <TriggerType>0</TriggerType>
    <TriggerMacroCondition>{%Rule("Activity.LinkedToObject(\"forums.forum\", \"ferwerw\")|(user)administrator|(hash)7638aa6eba4065e28245f8ab0dc56f120e6c9e05ee997a0499ecbe1027e99d92", "&lt;rules&gt;&lt;r pos=\"0\" par=\"\" op=\"and\" n=\"CMSActivityForumPostPerformedForForum\" &gt;&lt;p n=\"forum\"&gt;&lt;t&gt;ferwerw&lt;/t&gt;&lt;v&gt;ferwerw&lt;/v&gt;&lt;/p&gt;&lt;p n=\"_was\"&gt;&lt;t&gt;was&lt;/t&gt;&lt;v&gt;&lt;/v&gt;&lt;/p&gt;&lt;/r&gt;&lt;/rules&gt;")|(user)administrator|(hash)8587d6e1217b2a932fb13f0119b4e1a7029ec4304dc02586c3ed6967ee7f8f95%}</TriggerMacroCondition>
    <TriggerWorkflowID>486</TriggerWorkflowID>
  </CMS_ObjectWorkflowTrigger>
</NewDataSet>