<NewDataSet>
  <xs:schema id="NewDataSet" xmlns="" xmlns:xs="http://www.w3.org/2001/XMLSchema" xmlns:msdata="urn:schemas-microsoft-com:xml-msdata">
    <xs:element name="NewDataSet" msdata:IsDataSet="true" msdata:UseCurrentLocale="true" msdata:IsReadOnly="False">
      <xs:complexType>
        <xs:choice minOccurs="0" maxOccurs="unbounded">
          <xs:element name="CMS_Badge">
            <xs:complexType>
              <xs:sequence>
                <xs:element name="BadgeID" type="xs:int" minOccurs="0" />
                <xs:element name="BadgeName" type="xs:string" minOccurs="0" />
                <xs:element name="BadgeDisplayName" type="xs:string" minOccurs="0" />
                <xs:element name="BadgeImageURL" type="xs:string" minOccurs="0" />
                <xs:element name="BadgeIsAutomatic" type="xs:boolean" minOccurs="0" />
                <xs:element name="BadgeTopLimit" type="xs:int" minOccurs="0" />
                <xs:element name="BadgeGUID" msdata:DataType="System.Guid, mscorlib, Version=4.0.0.0, Culture=neutral, PublicKeyToken=b77a5c561934e089" type="xs:string" minOccurs="0" />
                <xs:element name="BadgeLastModified" type="xs:dateTime" minOccurs="0" />
              </xs:sequence>
            </xs:complexType>
          </xs:element>
        </xs:choice>
      </xs:complexType>
    </xs:element>
  </xs:schema>
  <CMS_Badge>
    <BadgeID>45</BadgeID>
    <BadgeName>AdvancedMember</BadgeName>
    <BadgeDisplayName>Advanced member</BadgeDisplayName>
    <BadgeImageURL>/Objects/CMS_Badge/Default/advancedmember.gif</BadgeImageURL>
    <BadgeIsAutomatic>true</BadgeIsAutomatic>
    <BadgeTopLimit>100000</BadgeTopLimit>
    <BadgeGUID>90cba1a8-38e3-47c8-ab98-2790a05d39d4</BadgeGUID>
    <BadgeLastModified>2013-09-11T14:49:27.653+02:00</BadgeLastModified>
  </CMS_Badge>
  <CMS_Badge>
    <BadgeID>44</BadgeID>
    <BadgeName>ValuedMember</BadgeName>
    <BadgeDisplayName>Valued member</BadgeDisplayName>
    <BadgeImageURL>/Objects/CMS_Badge/Default/valuedmember.gif</BadgeImageURL>
    <BadgeIsAutomatic>true</BadgeIsAutomatic>
    <BadgeTopLimit>30</BadgeTopLimit>
    <BadgeGUID>e7e4c1ce-a292-483a-af6d-8594548b01a4</BadgeGUID>
    <BadgeLastModified>2013-10-30T11:32:12.016044+01:00</BadgeLastModified>
  </CMS_Badge>
  <CMS_Badge>
    <BadgeID>43</BadgeID>
    <BadgeName>Member</BadgeName>
    <BadgeDisplayName>Member</BadgeDisplayName>
    <BadgeImageURL>/Objects/CMS_Badge/Default/member.gif</BadgeImageURL>
    <BadgeIsAutomatic>true</BadgeIsAutomatic>
    <BadgeTopLimit>10</BadgeTopLimit>
    <BadgeGUID>2988a647-9f0e-4c4e-b740-5576021683f8</BadgeGUID>
    <BadgeLastModified>2013-10-15T18:47:05.077+02:00</BadgeLastModified>
  </CMS_Badge>
  <CMS_Badge>
    <BadgeID>46</BadgeID>
    <BadgeName>Admin</BadgeName>
    <BadgeDisplayName>Site admin</BadgeDisplayName>
    <BadgeImageURL>/Objects/CMS_Badge/Default/siteadmin.gif</BadgeImageURL>
    <BadgeIsAutomatic>false</BadgeIsAutomatic>
    <BadgeTopLimit>0</BadgeTopLimit>
    <BadgeGUID>1f57161b-6d6f-46f4-8519-faffd2ce9eef</BadgeGUID>
    <BadgeLastModified>2013-03-11T16:00:32.157+01:00</BadgeLastModified>
  </CMS_Badge>
</NewDataSet>