<NewDataSet>
  <xs:schema id="NewDataSet" xmlns="" xmlns:xs="http://www.w3.org/2001/XMLSchema" xmlns:msdata="urn:schemas-microsoft-com:xml-msdata">
    <xs:element name="NewDataSet" msdata:IsDataSet="true" msdata:UseCurrentLocale="true" msdata:IsReadOnly="False">
      <xs:complexType>
        <xs:choice minOccurs="0" maxOccurs="unbounded">
          <xs:element name="CMS_DeviceProfileLayout">
            <xs:complexType>
              <xs:sequence>
                <xs:element name="DeviceProfileLayoutID" type="xs:int" minOccurs="0" />
                <xs:element name="DeviceProfileID" type="xs:int" minOccurs="0" />
                <xs:element name="SourceLayoutID" type="xs:int" minOccurs="0" />
                <xs:element name="TargetLayoutID" type="xs:int" minOccurs="0" />
                <xs:element name="DeviceProfileLayoutGUID" msdata:DataType="System.Guid, mscorlib, Version=4.0.0.0, Culture=neutral, PublicKeyToken=b77a5c561934e089" type="xs:string" minOccurs="0" />
                <xs:element name="DeviceProfileLayoutLastModified" type="xs:dateTime" minOccurs="0" />
              </xs:sequence>
            </xs:complexType>
          </xs:element>
        </xs:choice>
      </xs:complexType>
    </xs:element>
  </xs:schema>
  <CMS_DeviceProfileLayout>
    <DeviceProfileLayoutID>114</DeviceProfileLayoutID>
    <DeviceProfileID>81</DeviceProfileID>
    <SourceLayoutID>42</SourceLayoutID>
    <TargetLayoutID>148</TargetLayoutID>
    <DeviceProfileLayoutGUID>5246f755-6a1c-4485-94ae-e6dc11c7839a</DeviceProfileLayoutGUID>
    <DeviceProfileLayoutLastModified>2013-10-07T15:10:40.133+02:00</DeviceProfileLayoutLastModified>
  </CMS_DeviceProfileLayout>
  <CMS_DeviceProfileLayout>
    <DeviceProfileLayoutID>115</DeviceProfileLayoutID>
    <DeviceProfileID>81</DeviceProfileID>
    <SourceLayoutID>20</SourceLayoutID>
    <TargetLayoutID>148</TargetLayoutID>
    <DeviceProfileLayoutGUID>8be6f4f0-012f-429d-ab00-eab228a50dcb</DeviceProfileLayoutGUID>
    <DeviceProfileLayoutLastModified>2013-10-07T15:10:56.313+02:00</DeviceProfileLayoutLastModified>
  </CMS_DeviceProfileLayout>
  <CMS_DeviceProfileLayout>
    <DeviceProfileLayoutID>116</DeviceProfileLayoutID>
    <DeviceProfileID>81</DeviceProfileID>
    <SourceLayoutID>21</SourceLayoutID>
    <TargetLayoutID>148</TargetLayoutID>
    <DeviceProfileLayoutGUID>b95c7389-d166-4b7c-bd41-d0c4a51623b0</DeviceProfileLayoutGUID>
    <DeviceProfileLayoutLastModified>2013-10-07T15:11:05.55+02:00</DeviceProfileLayoutLastModified>
  </CMS_DeviceProfileLayout>
  <CMS_DeviceProfileLayout>
    <DeviceProfileLayoutID>117</DeviceProfileLayoutID>
    <DeviceProfileID>81</DeviceProfileID>
    <SourceLayoutID>19</SourceLayoutID>
    <TargetLayoutID>148</TargetLayoutID>
    <DeviceProfileLayoutGUID>524b3c2a-68d6-48bb-8d94-376e082e4aef</DeviceProfileLayoutGUID>
    <DeviceProfileLayoutLastModified>2013-10-07T15:11:16.563+02:00</DeviceProfileLayoutLastModified>
  </CMS_DeviceProfileLayout>
  <CMS_DeviceProfileLayout>
    <DeviceProfileLayoutID>118</DeviceProfileLayoutID>
    <DeviceProfileID>81</DeviceProfileID>
    <SourceLayoutID>44</SourceLayoutID>
    <TargetLayoutID>148</TargetLayoutID>
    <DeviceProfileLayoutGUID>649c1615-90f4-4083-b042-fa737ecaec8c</DeviceProfileLayoutGUID>
    <DeviceProfileLayoutLastModified>2013-10-07T15:11:24.98+02:00</DeviceProfileLayoutLastModified>
  </CMS_DeviceProfileLayout>
  <CMS_DeviceProfileLayout>
    <DeviceProfileLayoutID>119</DeviceProfileLayoutID>
    <DeviceProfileID>81</DeviceProfileID>
    <SourceLayoutID>45</SourceLayoutID>
    <TargetLayoutID>148</TargetLayoutID>
    <DeviceProfileLayoutGUID>d4c03cb4-7aea-4b87-8a3f-f319dbb40818</DeviceProfileLayoutGUID>
    <DeviceProfileLayoutLastModified>2013-10-07T15:11:32.097+02:00</DeviceProfileLayoutLastModified>
  </CMS_DeviceProfileLayout>
  <CMS_DeviceProfileLayout>
    <DeviceProfileLayoutID>120</DeviceProfileLayoutID>
    <DeviceProfileID>81</DeviceProfileID>
    <SourceLayoutID>43</SourceLayoutID>
    <TargetLayoutID>148</TargetLayoutID>
    <DeviceProfileLayoutGUID>b5f011bc-b924-481f-8de7-89067d700676</DeviceProfileLayoutGUID>
    <DeviceProfileLayoutLastModified>2013-10-07T15:11:40.13+02:00</DeviceProfileLayoutLastModified>
  </CMS_DeviceProfileLayout>
  <CMS_DeviceProfileLayout>
    <DeviceProfileLayoutID>121</DeviceProfileLayoutID>
    <DeviceProfileID>81</DeviceProfileID>
    <SourceLayoutID>13</SourceLayoutID>
    <TargetLayoutID>148</TargetLayoutID>
    <DeviceProfileLayoutGUID>47f302c4-329d-4d4f-8645-53c5bede63c5</DeviceProfileLayoutGUID>
    <DeviceProfileLayoutLastModified>2013-10-07T15:11:47.717+02:00</DeviceProfileLayoutLastModified>
  </CMS_DeviceProfileLayout>
  <CMS_DeviceProfileLayout>
    <DeviceProfileLayoutID>122</DeviceProfileLayoutID>
    <DeviceProfileID>81</DeviceProfileID>
    <SourceLayoutID>14</SourceLayoutID>
    <TargetLayoutID>148</TargetLayoutID>
    <DeviceProfileLayoutGUID>4c51d733-b711-47fc-8b95-b46a199b98a9</DeviceProfileLayoutGUID>
    <DeviceProfileLayoutLastModified>2013-10-07T15:11:58.263+02:00</DeviceProfileLayoutLastModified>
  </CMS_DeviceProfileLayout>
  <CMS_DeviceProfileLayout>
    <DeviceProfileLayoutID>123</DeviceProfileLayoutID>
    <DeviceProfileID>81</DeviceProfileID>
    <SourceLayoutID>15</SourceLayoutID>
    <TargetLayoutID>148</TargetLayoutID>
    <DeviceProfileLayoutGUID>b2d7430f-509e-4512-b0d0-c743b1eeb55a</DeviceProfileLayoutGUID>
    <DeviceProfileLayoutLastModified>2013-10-07T15:12:05.017+02:00</DeviceProfileLayoutLastModified>
  </CMS_DeviceProfileLayout>
  <CMS_DeviceProfileLayout>
    <DeviceProfileLayoutID>124</DeviceProfileLayoutID>
    <DeviceProfileID>81</DeviceProfileID>
    <SourceLayoutID>16</SourceLayoutID>
    <TargetLayoutID>148</TargetLayoutID>
    <DeviceProfileLayoutGUID>2e7a0d2a-bd49-4415-91db-5badc0d94416</DeviceProfileLayoutGUID>
    <DeviceProfileLayoutLastModified>2013-10-07T15:12:12.607+02:00</DeviceProfileLayoutLastModified>
  </CMS_DeviceProfileLayout>
  <CMS_DeviceProfileLayout>
    <DeviceProfileLayoutID>125</DeviceProfileLayoutID>
    <DeviceProfileID>81</DeviceProfileID>
    <SourceLayoutID>17</SourceLayoutID>
    <TargetLayoutID>148</TargetLayoutID>
    <DeviceProfileLayoutGUID>ab793e25-2599-4a3a-a0c8-b4876c9f3ae1</DeviceProfileLayoutGUID>
    <DeviceProfileLayoutLastModified>2013-10-07T15:12:19.203+02:00</DeviceProfileLayoutLastModified>
  </CMS_DeviceProfileLayout>
  <CMS_DeviceProfileLayout>
    <DeviceProfileLayoutID>126</DeviceProfileLayoutID>
    <DeviceProfileID>82</DeviceProfileID>
    <SourceLayoutID>42</SourceLayoutID>
    <TargetLayoutID>148</TargetLayoutID>
    <DeviceProfileLayoutGUID>edb0c4c1-0965-4b47-8c30-489e0383aa29</DeviceProfileLayoutGUID>
    <DeviceProfileLayoutLastModified>2013-10-07T15:12:38.387+02:00</DeviceProfileLayoutLastModified>
  </CMS_DeviceProfileLayout>
  <CMS_DeviceProfileLayout>
    <DeviceProfileLayoutID>127</DeviceProfileLayoutID>
    <DeviceProfileID>82</DeviceProfileID>
    <SourceLayoutID>20</SourceLayoutID>
    <TargetLayoutID>148</TargetLayoutID>
    <DeviceProfileLayoutGUID>c236c384-dc32-40b9-96bd-e8cb0957be5f</DeviceProfileLayoutGUID>
    <DeviceProfileLayoutLastModified>2013-10-07T15:12:44.363+02:00</DeviceProfileLayoutLastModified>
  </CMS_DeviceProfileLayout>
  <CMS_DeviceProfileLayout>
    <DeviceProfileLayoutID>128</DeviceProfileLayoutID>
    <DeviceProfileID>82</DeviceProfileID>
    <SourceLayoutID>21</SourceLayoutID>
    <TargetLayoutID>148</TargetLayoutID>
    <DeviceProfileLayoutGUID>1d32c4d7-a499-4e96-a508-daa5fa527289</DeviceProfileLayoutGUID>
    <DeviceProfileLayoutLastModified>2013-10-07T15:12:51.06+02:00</DeviceProfileLayoutLastModified>
  </CMS_DeviceProfileLayout>
  <CMS_DeviceProfileLayout>
    <DeviceProfileLayoutID>129</DeviceProfileLayoutID>
    <DeviceProfileID>82</DeviceProfileID>
    <SourceLayoutID>19</SourceLayoutID>
    <TargetLayoutID>148</TargetLayoutID>
    <DeviceProfileLayoutGUID>7faa27e0-6ad8-4966-bb87-3bcff469a3c5</DeviceProfileLayoutGUID>
    <DeviceProfileLayoutLastModified>2013-10-07T15:12:57.11+02:00</DeviceProfileLayoutLastModified>
  </CMS_DeviceProfileLayout>
  <CMS_DeviceProfileLayout>
    <DeviceProfileLayoutID>130</DeviceProfileLayoutID>
    <DeviceProfileID>82</DeviceProfileID>
    <SourceLayoutID>44</SourceLayoutID>
    <TargetLayoutID>148</TargetLayoutID>
    <DeviceProfileLayoutGUID>a3679edc-392e-44bf-9054-33e7698ef226</DeviceProfileLayoutGUID>
    <DeviceProfileLayoutLastModified>2013-10-07T15:13:03.537+02:00</DeviceProfileLayoutLastModified>
  </CMS_DeviceProfileLayout>
  <CMS_DeviceProfileLayout>
    <DeviceProfileLayoutID>131</DeviceProfileLayoutID>
    <DeviceProfileID>82</DeviceProfileID>
    <SourceLayoutID>43</SourceLayoutID>
    <TargetLayoutID>148</TargetLayoutID>
    <DeviceProfileLayoutGUID>2f16acfb-201f-48e6-aeda-b28f5244b46d</DeviceProfileLayoutGUID>
    <DeviceProfileLayoutLastModified>2013-10-07T15:13:10.06+02:00</DeviceProfileLayoutLastModified>
  </CMS_DeviceProfileLayout>
  <CMS_DeviceProfileLayout>
    <DeviceProfileLayoutID>132</DeviceProfileLayoutID>
    <DeviceProfileID>82</DeviceProfileID>
    <SourceLayoutID>45</SourceLayoutID>
    <TargetLayoutID>148</TargetLayoutID>
    <DeviceProfileLayoutGUID>2bade514-b7d2-4a3d-9f99-d271b0216cfe</DeviceProfileLayoutGUID>
    <DeviceProfileLayoutLastModified>2013-10-07T15:13:17.237+02:00</DeviceProfileLayoutLastModified>
  </CMS_DeviceProfileLayout>
  <CMS_DeviceProfileLayout>
    <DeviceProfileLayoutID>133</DeviceProfileLayoutID>
    <DeviceProfileID>82</DeviceProfileID>
    <SourceLayoutID>13</SourceLayoutID>
    <TargetLayoutID>148</TargetLayoutID>
    <DeviceProfileLayoutGUID>8510e359-215c-40bf-b360-c89bdbc1a188</DeviceProfileLayoutGUID>
    <DeviceProfileLayoutLastModified>2013-10-07T15:13:27.147+02:00</DeviceProfileLayoutLastModified>
  </CMS_DeviceProfileLayout>
  <CMS_DeviceProfileLayout>
    <DeviceProfileLayoutID>134</DeviceProfileLayoutID>
    <DeviceProfileID>82</DeviceProfileID>
    <SourceLayoutID>14</SourceLayoutID>
    <TargetLayoutID>148</TargetLayoutID>
    <DeviceProfileLayoutGUID>fac2d797-d73c-4768-8a23-b3aa13a74d65</DeviceProfileLayoutGUID>
    <DeviceProfileLayoutLastModified>2013-10-07T15:13:35.577+02:00</DeviceProfileLayoutLastModified>
  </CMS_DeviceProfileLayout>
  <CMS_DeviceProfileLayout>
    <DeviceProfileLayoutID>135</DeviceProfileLayoutID>
    <DeviceProfileID>82</DeviceProfileID>
    <SourceLayoutID>15</SourceLayoutID>
    <TargetLayoutID>148</TargetLayoutID>
    <DeviceProfileLayoutGUID>0ebf6f34-413b-4be3-9748-91282059f5ce</DeviceProfileLayoutGUID>
    <DeviceProfileLayoutLastModified>2013-10-07T15:13:44.08+02:00</DeviceProfileLayoutLastModified>
  </CMS_DeviceProfileLayout>
  <CMS_DeviceProfileLayout>
    <DeviceProfileLayoutID>136</DeviceProfileLayoutID>
    <DeviceProfileID>82</DeviceProfileID>
    <SourceLayoutID>16</SourceLayoutID>
    <TargetLayoutID>148</TargetLayoutID>
    <DeviceProfileLayoutGUID>d835a43b-68a0-4855-b39f-5fc3a1427a42</DeviceProfileLayoutGUID>
    <DeviceProfileLayoutLastModified>2013-10-07T15:13:51.71+02:00</DeviceProfileLayoutLastModified>
  </CMS_DeviceProfileLayout>
  <CMS_DeviceProfileLayout>
    <DeviceProfileLayoutID>137</DeviceProfileLayoutID>
    <DeviceProfileID>82</DeviceProfileID>
    <SourceLayoutID>17</SourceLayoutID>
    <TargetLayoutID>148</TargetLayoutID>
    <DeviceProfileLayoutGUID>d9bab6c1-baa8-4cd8-a2f8-e161b59ad647</DeviceProfileLayoutGUID>
    <DeviceProfileLayoutLastModified>2013-10-07T15:13:58.657+02:00</DeviceProfileLayoutLastModified>
  </CMS_DeviceProfileLayout>
  <CMS_DeviceProfileLayout>
    <DeviceProfileLayoutID>138</DeviceProfileLayoutID>
    <DeviceProfileID>83</DeviceProfileID>
    <SourceLayoutID>42</SourceLayoutID>
    <TargetLayoutID>148</TargetLayoutID>
    <DeviceProfileLayoutGUID>360d2a2e-3045-44b6-b558-716915fb06f1</DeviceProfileLayoutGUID>
    <DeviceProfileLayoutLastModified>2013-10-07T15:14:41.933+02:00</DeviceProfileLayoutLastModified>
  </CMS_DeviceProfileLayout>
  <CMS_DeviceProfileLayout>
    <DeviceProfileLayoutID>139</DeviceProfileLayoutID>
    <DeviceProfileID>83</DeviceProfileID>
    <SourceLayoutID>20</SourceLayoutID>
    <TargetLayoutID>148</TargetLayoutID>
    <DeviceProfileLayoutGUID>d626d1bc-dd2b-4dcf-a20e-9b81de212f11</DeviceProfileLayoutGUID>
    <DeviceProfileLayoutLastModified>2013-10-07T15:14:49.94+02:00</DeviceProfileLayoutLastModified>
  </CMS_DeviceProfileLayout>
  <CMS_DeviceProfileLayout>
    <DeviceProfileLayoutID>140</DeviceProfileLayoutID>
    <DeviceProfileID>83</DeviceProfileID>
    <SourceLayoutID>21</SourceLayoutID>
    <TargetLayoutID>148</TargetLayoutID>
    <DeviceProfileLayoutGUID>9c7139a9-d820-4b12-bc2b-8a6f5fa6dd10</DeviceProfileLayoutGUID>
    <DeviceProfileLayoutLastModified>2013-10-07T15:14:57.917+02:00</DeviceProfileLayoutLastModified>
  </CMS_DeviceProfileLayout>
  <CMS_DeviceProfileLayout>
    <DeviceProfileLayoutID>141</DeviceProfileLayoutID>
    <DeviceProfileID>83</DeviceProfileID>
    <SourceLayoutID>19</SourceLayoutID>
    <TargetLayoutID>148</TargetLayoutID>
    <DeviceProfileLayoutGUID>bdc7bd55-0cc2-48f8-9911-53ff29358c54</DeviceProfileLayoutGUID>
    <DeviceProfileLayoutLastModified>2013-10-07T15:15:05.187+02:00</DeviceProfileLayoutLastModified>
  </CMS_DeviceProfileLayout>
  <CMS_DeviceProfileLayout>
    <DeviceProfileLayoutID>142</DeviceProfileLayoutID>
    <DeviceProfileID>83</DeviceProfileID>
    <SourceLayoutID>44</SourceLayoutID>
    <TargetLayoutID>148</TargetLayoutID>
    <DeviceProfileLayoutGUID>99ddfd99-f753-40eb-8fd9-80ecc13ee90a</DeviceProfileLayoutGUID>
    <DeviceProfileLayoutLastModified>2013-10-07T15:15:12.537+02:00</DeviceProfileLayoutLastModified>
  </CMS_DeviceProfileLayout>
  <CMS_DeviceProfileLayout>
    <DeviceProfileLayoutID>143</DeviceProfileLayoutID>
    <DeviceProfileID>83</DeviceProfileID>
    <SourceLayoutID>43</SourceLayoutID>
    <TargetLayoutID>148</TargetLayoutID>
    <DeviceProfileLayoutGUID>936133a4-deb6-43ab-86aa-10fc07c9444c</DeviceProfileLayoutGUID>
    <DeviceProfileLayoutLastModified>2013-10-07T15:15:19.373+02:00</DeviceProfileLayoutLastModified>
  </CMS_DeviceProfileLayout>
  <CMS_DeviceProfileLayout>
    <DeviceProfileLayoutID>144</DeviceProfileLayoutID>
    <DeviceProfileID>83</DeviceProfileID>
    <SourceLayoutID>45</SourceLayoutID>
    <TargetLayoutID>148</TargetLayoutID>
    <DeviceProfileLayoutGUID>1abe6878-5f9b-4029-b4c5-3e21be9ec4eb</DeviceProfileLayoutGUID>
    <DeviceProfileLayoutLastModified>2013-10-07T15:15:25.83+02:00</DeviceProfileLayoutLastModified>
  </CMS_DeviceProfileLayout>
  <CMS_DeviceProfileLayout>
    <DeviceProfileLayoutID>145</DeviceProfileLayoutID>
    <DeviceProfileID>83</DeviceProfileID>
    <SourceLayoutID>13</SourceLayoutID>
    <TargetLayoutID>148</TargetLayoutID>
    <DeviceProfileLayoutGUID>8741cea9-d151-44be-b217-317abe3ce381</DeviceProfileLayoutGUID>
    <DeviceProfileLayoutLastModified>2013-10-07T15:15:32.01+02:00</DeviceProfileLayoutLastModified>
  </CMS_DeviceProfileLayout>
  <CMS_DeviceProfileLayout>
    <DeviceProfileLayoutID>146</DeviceProfileLayoutID>
    <DeviceProfileID>83</DeviceProfileID>
    <SourceLayoutID>14</SourceLayoutID>
    <TargetLayoutID>148</TargetLayoutID>
    <DeviceProfileLayoutGUID>be65ca1b-6aed-4b32-88ab-7b3caad563eb</DeviceProfileLayoutGUID>
    <DeviceProfileLayoutLastModified>2013-10-07T15:15:39.027+02:00</DeviceProfileLayoutLastModified>
  </CMS_DeviceProfileLayout>
  <CMS_DeviceProfileLayout>
    <DeviceProfileLayoutID>147</DeviceProfileLayoutID>
    <DeviceProfileID>83</DeviceProfileID>
    <SourceLayoutID>15</SourceLayoutID>
    <TargetLayoutID>148</TargetLayoutID>
    <DeviceProfileLayoutGUID>b0d9676d-2513-46e5-b82c-74e1de8c1543</DeviceProfileLayoutGUID>
    <DeviceProfileLayoutLastModified>2013-10-07T15:15:45.38+02:00</DeviceProfileLayoutLastModified>
  </CMS_DeviceProfileLayout>
  <CMS_DeviceProfileLayout>
    <DeviceProfileLayoutID>148</DeviceProfileLayoutID>
    <DeviceProfileID>83</DeviceProfileID>
    <SourceLayoutID>16</SourceLayoutID>
    <TargetLayoutID>148</TargetLayoutID>
    <DeviceProfileLayoutGUID>45f65b0a-6495-4b23-aabf-20b7072c9576</DeviceProfileLayoutGUID>
    <DeviceProfileLayoutLastModified>2013-10-07T15:15:51.953+02:00</DeviceProfileLayoutLastModified>
  </CMS_DeviceProfileLayout>
  <CMS_DeviceProfileLayout>
    <DeviceProfileLayoutID>149</DeviceProfileLayoutID>
    <DeviceProfileID>83</DeviceProfileID>
    <SourceLayoutID>17</SourceLayoutID>
    <TargetLayoutID>148</TargetLayoutID>
    <DeviceProfileLayoutGUID>f14664a3-8ba8-4ddb-b31c-9d32f45a2f35</DeviceProfileLayoutGUID>
    <DeviceProfileLayoutLastModified>2013-10-07T15:15:59.327+02:00</DeviceProfileLayoutLastModified>
  </CMS_DeviceProfileLayout>
</NewDataSet>