<NewDataSet>
  <xs:schema id="NewDataSet" xmlns="" xmlns:xs="http://www.w3.org/2001/XMLSchema" xmlns:msdata="urn:schemas-microsoft-com:xml-msdata">
    <xs:element name="NewDataSet" msdata:IsDataSet="true" msdata:UseCurrentLocale="true" msdata:IsReadOnly="False">
      <xs:complexType>
        <xs:choice minOccurs="0" maxOccurs="unbounded">
          <xs:element name="PM_ProjectTaskPriority">
            <xs:complexType>
              <xs:sequence>
                <xs:element name="TaskPriorityID" type="xs:int" minOccurs="0" />
                <xs:element name="TaskPriorityName" type="xs:string" minOccurs="0" />
                <xs:element name="TaskPriorityDisplayName" type="xs:string" minOccurs="0" />
                <xs:element name="TaskPriorityOrder" type="xs:int" minOccurs="0" />
                <xs:element name="TaskPriorityGUID" msdata:DataType="System.Guid, mscorlib, Version=4.0.0.0, Culture=neutral, PublicKeyToken=b77a5c561934e089" type="xs:string" minOccurs="0" />
                <xs:element name="TaskPriorityLastModified" type="xs:dateTime" minOccurs="0" />
                <xs:element name="TaskPriorityEnabled" type="xs:boolean" minOccurs="0" />
                <xs:element name="TaskPriorityDefault" type="xs:boolean" minOccurs="0" />
              </xs:sequence>
            </xs:complexType>
          </xs:element>
        </xs:choice>
      </xs:complexType>
    </xs:element>
  </xs:schema>
  <PM_ProjectTaskPriority>
    <TaskPriorityID>2</TaskPriorityID>
    <TaskPriorityName>High</TaskPriorityName>
    <TaskPriorityDisplayName>High</TaskPriorityDisplayName>
    <TaskPriorityOrder>1</TaskPriorityOrder>
    <TaskPriorityGUID>67d6cf58-1242-47cc-917a-59597b702068</TaskPriorityGUID>
    <TaskPriorityLastModified>2013-11-01T15:55:45.9670053+01:00</TaskPriorityLastModified>
    <TaskPriorityEnabled>true</TaskPriorityEnabled>
    <TaskPriorityDefault>false</TaskPriorityDefault>
  </PM_ProjectTaskPriority>
  <PM_ProjectTaskPriority>
    <TaskPriorityID>3</TaskPriorityID>
    <TaskPriorityName>Normal</TaskPriorityName>
    <TaskPriorityDisplayName>Normal</TaskPriorityDisplayName>
    <TaskPriorityOrder>2</TaskPriorityOrder>
    <TaskPriorityGUID>9ef10cc2-b511-49bc-b14f-95a048dd8909</TaskPriorityGUID>
    <TaskPriorityLastModified>2012-05-31T16:06:04.417+02:00</TaskPriorityLastModified>
    <TaskPriorityEnabled>true</TaskPriorityEnabled>
    <TaskPriorityDefault>true</TaskPriorityDefault>
  </PM_ProjectTaskPriority>
  <PM_ProjectTaskPriority>
    <TaskPriorityID>4</TaskPriorityID>
    <TaskPriorityName>Low</TaskPriorityName>
    <TaskPriorityDisplayName>Low</TaskPriorityDisplayName>
    <TaskPriorityOrder>4</TaskPriorityOrder>
    <TaskPriorityGUID>d974b75b-8910-4c66-bab1-db3d76ee6a35</TaskPriorityGUID>
    <TaskPriorityLastModified>2010-12-17T09:10:51.463+01:00</TaskPriorityLastModified>
    <TaskPriorityEnabled>true</TaskPriorityEnabled>
    <TaskPriorityDefault>false</TaskPriorityDefault>
  </PM_ProjectTaskPriority>
</NewDataSet>