<NewDataSet>
  <xs:schema id="NewDataSet" xmlns="" xmlns:xs="http://www.w3.org/2001/XMLSchema" xmlns:msdata="urn:schemas-microsoft-com:xml-msdata">
    <xs:element name="NewDataSet" msdata:IsDataSet="true" msdata:UseCurrentLocale="true" msdata:IsReadOnly="False">
      <xs:complexType>
        <xs:choice minOccurs="0" maxOccurs="unbounded">
          <xs:element name="PM_ProjectTaskStatus">
            <xs:complexType>
              <xs:sequence>
                <xs:element name="TaskStatusID" type="xs:int" minOccurs="0" />
                <xs:element name="TaskStatusName" type="xs:string" minOccurs="0" />
                <xs:element name="TaskStatusDisplayName" type="xs:string" minOccurs="0" />
                <xs:element name="TaskStatusOrder" type="xs:int" minOccurs="0" />
                <xs:element name="TaskStatusColor" type="xs:string" minOccurs="0" />
                <xs:element name="TaskStatusIcon" type="xs:string" minOccurs="0" />
                <xs:element name="TaskStatusGUID" msdata:DataType="System.Guid, mscorlib, Version=4.0.0.0, Culture=neutral, PublicKeyToken=b77a5c561934e089" type="xs:string" minOccurs="0" />
                <xs:element name="TaskStatusLastModified" type="xs:dateTime" minOccurs="0" />
                <xs:element name="TaskStatusEnabled" type="xs:boolean" minOccurs="0" />
                <xs:element name="TaskStatusIsNotStarted" type="xs:boolean" minOccurs="0" />
                <xs:element name="TaskStatusIsFinished" type="xs:boolean" minOccurs="0" />
              </xs:sequence>
            </xs:complexType>
          </xs:element>
        </xs:choice>
      </xs:complexType>
    </xs:element>
  </xs:schema>
  <PM_ProjectTaskStatus>
    <TaskStatusID>2</TaskStatusID>
    <TaskStatusName>NotStarted</TaskStatusName>
    <TaskStatusDisplayName>Not started</TaskStatusDisplayName>
    <TaskStatusOrder>4</TaskStatusOrder>
    <TaskStatusColor>#FFFFFF</TaskStatusColor>
    <TaskStatusIcon>/Objects/PM_ProjectStatus/StatusIcons/notstarted.png</TaskStatusIcon>
    <TaskStatusGUID>2797c826-2e52-4d4c-a943-4c98aef9b838</TaskStatusGUID>
    <TaskStatusLastModified>2012-06-26T13:57:38.883+02:00</TaskStatusLastModified>
    <TaskStatusEnabled>true</TaskStatusEnabled>
    <TaskStatusIsNotStarted>true</TaskStatusIsNotStarted>
    <TaskStatusIsFinished>false</TaskStatusIsFinished>
  </PM_ProjectTaskStatus>
  <PM_ProjectTaskStatus>
    <TaskStatusID>3</TaskStatusID>
    <TaskStatusName>OnTrack</TaskStatusName>
    <TaskStatusDisplayName>On track</TaskStatusDisplayName>
    <TaskStatusOrder>5</TaskStatusOrder>
    <TaskStatusColor>#d0e8ed</TaskStatusColor>
    <TaskStatusIcon>/Objects/PM_ProjectStatus/StatusIcons/ontrack.png</TaskStatusIcon>
    <TaskStatusGUID>3ea074e2-e820-4516-a835-9512246daf6e</TaskStatusGUID>
    <TaskStatusLastModified>2013-12-12T14:47:48.3087287+01:00</TaskStatusLastModified>
    <TaskStatusEnabled>true</TaskStatusEnabled>
    <TaskStatusIsNotStarted>false</TaskStatusIsNotStarted>
    <TaskStatusIsFinished>false</TaskStatusIsFinished>
  </PM_ProjectTaskStatus>
  <PM_ProjectTaskStatus>
    <TaskStatusID>4</TaskStatusID>
    <TaskStatusName>AtRisk</TaskStatusName>
    <TaskStatusDisplayName>At risk</TaskStatusDisplayName>
    <TaskStatusOrder>6</TaskStatusOrder>
    <TaskStatusColor>#f4eac9</TaskStatusColor>
    <TaskStatusIcon>/Objects/PM_ProjectStatus/StatusIcons/atrisk.png</TaskStatusIcon>
    <TaskStatusGUID>47032d81-75e5-436b-8178-91082424762b</TaskStatusGUID>
    <TaskStatusLastModified>2013-12-12T14:47:55.9814959+01:00</TaskStatusLastModified>
    <TaskStatusEnabled>true</TaskStatusEnabled>
    <TaskStatusIsNotStarted>false</TaskStatusIsNotStarted>
    <TaskStatusIsFinished>false</TaskStatusIsFinished>
  </PM_ProjectTaskStatus>
  <PM_ProjectTaskStatus>
    <TaskStatusID>5</TaskStatusID>
    <TaskStatusName>Critical</TaskStatusName>
    <TaskStatusDisplayName>Critical</TaskStatusDisplayName>
    <TaskStatusOrder>7</TaskStatusOrder>
    <TaskStatusColor>#ffe1e1</TaskStatusColor>
    <TaskStatusIcon>/Objects/PM_ProjectStatus/StatusIcons/critical.png</TaskStatusIcon>
    <TaskStatusGUID>7612e7ff-c222-4e34-a98c-d9b01d4c6de7</TaskStatusGUID>
    <TaskStatusLastModified>2014-01-14T14:38:29.7001606+01:00</TaskStatusLastModified>
    <TaskStatusEnabled>true</TaskStatusEnabled>
    <TaskStatusIsNotStarted>false</TaskStatusIsNotStarted>
    <TaskStatusIsFinished>false</TaskStatusIsFinished>
  </PM_ProjectTaskStatus>
  <PM_ProjectTaskStatus>
    <TaskStatusID>6</TaskStatusID>
    <TaskStatusName>Canceled</TaskStatusName>
    <TaskStatusDisplayName>Canceled</TaskStatusDisplayName>
    <TaskStatusOrder>8</TaskStatusOrder>
    <TaskStatusColor>#e5e5e5</TaskStatusColor>
    <TaskStatusIcon>/Objects/PM_ProjectStatus/StatusIcons/canceled.png</TaskStatusIcon>
    <TaskStatusGUID>c7f58cb1-7b44-4d5d-9082-e549309e2e13</TaskStatusGUID>
    <TaskStatusLastModified>2013-12-12T14:48:12.6481624+01:00</TaskStatusLastModified>
    <TaskStatusEnabled>true</TaskStatusEnabled>
    <TaskStatusIsNotStarted>false</TaskStatusIsNotStarted>
    <TaskStatusIsFinished>false</TaskStatusIsFinished>
  </PM_ProjectTaskStatus>
  <PM_ProjectTaskStatus>
    <TaskStatusID>7</TaskStatusID>
    <TaskStatusName>Finished</TaskStatusName>
    <TaskStatusDisplayName>Finished</TaskStatusDisplayName>
    <TaskStatusOrder>9</TaskStatusOrder>
    <TaskStatusIcon>/Objects/PM_ProjectStatus/StatusIcons/finished.png</TaskStatusIcon>
    <TaskStatusGUID>36178bf8-7ec4-42f5-92db-7b18b04f66e4</TaskStatusGUID>
    <TaskStatusLastModified>2014-01-13T14:08:54.030057+01:00</TaskStatusLastModified>
    <TaskStatusEnabled>true</TaskStatusEnabled>
    <TaskStatusIsNotStarted>false</TaskStatusIsNotStarted>
    <TaskStatusIsFinished>true</TaskStatusIsFinished>
  </PM_ProjectTaskStatus>
</NewDataSet>