<NewDataSet>
  <xs:schema id="NewDataSet" xmlns="" xmlns:xs="http://www.w3.org/2001/XMLSchema" xmlns:msdata="urn:schemas-microsoft-com:xml-msdata">
    <xs:element name="NewDataSet" msdata:IsDataSet="true" msdata:UseCurrentLocale="true" msdata:IsReadOnly="False">
      <xs:complexType>
        <xs:choice minOccurs="0" maxOccurs="unbounded">
          <xs:element name="PM_ProjectStatus">
            <xs:complexType>
              <xs:sequence>
                <xs:element name="StatusID" type="xs:int" minOccurs="0" />
                <xs:element name="StatusName" type="xs:string" minOccurs="0" />
                <xs:element name="StatusDisplayName" type="xs:string" minOccurs="0" />
                <xs:element name="StatusOrder" type="xs:int" minOccurs="0" />
                <xs:element name="StatusColor" type="xs:string" minOccurs="0" />
                <xs:element name="StatusIcon" type="xs:string" minOccurs="0" />
                <xs:element name="StatusGUID" msdata:DataType="System.Guid, mscorlib, Version=4.0.0.0, Culture=neutral, PublicKeyToken=b77a5c561934e089" type="xs:string" minOccurs="0" />
                <xs:element name="StatusLastModified" type="xs:dateTime" minOccurs="0" />
                <xs:element name="StatusEnabled" type="xs:boolean" minOccurs="0" />
                <xs:element name="StatusIsFinished" type="xs:boolean" minOccurs="0" />
                <xs:element name="StatusIsNotStarted" type="xs:boolean" minOccurs="0" />
              </xs:sequence>
            </xs:complexType>
          </xs:element>
        </xs:choice>
      </xs:complexType>
    </xs:element>
  </xs:schema>
  <PM_ProjectStatus>
    <StatusID>2</StatusID>
    <StatusName>NotStarted</StatusName>
    <StatusDisplayName>Not started</StatusDisplayName>
    <StatusOrder>2</StatusOrder>
    <StatusColor>#FFFFFF</StatusColor>
    <StatusIcon>/Objects/PM_ProjectStatus/StatusIcons/notstarted.png</StatusIcon>
    <StatusGUID>3aac61ec-a309-4627-943f-1a25e5ffadcc</StatusGUID>
    <StatusLastModified>2014-01-30T16:40:55.9627541+01:00</StatusLastModified>
    <StatusEnabled>true</StatusEnabled>
    <StatusIsFinished>false</StatusIsFinished>
    <StatusIsNotStarted>true</StatusIsNotStarted>
  </PM_ProjectStatus>
  <PM_ProjectStatus>
    <StatusID>3</StatusID>
    <StatusName>OnTrack</StatusName>
    <StatusDisplayName>On track</StatusDisplayName>
    <StatusOrder>3</StatusOrder>
    <StatusColor>#d0e8ed</StatusColor>
    <StatusIcon>/Objects/PM_ProjectStatus/StatusIcons/ontrack.png</StatusIcon>
    <StatusGUID>4a59e0d3-d962-463a-a501-fd86de72d854</StatusGUID>
    <StatusLastModified>2013-12-12T14:41:59.4978511+01:00</StatusLastModified>
    <StatusEnabled>true</StatusEnabled>
    <StatusIsFinished>false</StatusIsFinished>
    <StatusIsNotStarted>false</StatusIsNotStarted>
  </PM_ProjectStatus>
  <PM_ProjectStatus>
    <StatusID>4</StatusID>
    <StatusName>AtRisk</StatusName>
    <StatusDisplayName>At risk</StatusDisplayName>
    <StatusOrder>4</StatusOrder>
    <StatusColor>#f4eac9</StatusColor>
    <StatusIcon>/Objects/PM_ProjectStatus/StatusIcons/atrisk.png</StatusIcon>
    <StatusGUID>00dbf3ab-c914-458e-aafd-1a9de32d805e</StatusGUID>
    <StatusLastModified>2013-12-12T14:44:19.5598559+01:00</StatusLastModified>
    <StatusEnabled>true</StatusEnabled>
    <StatusIsFinished>false</StatusIsFinished>
    <StatusIsNotStarted>false</StatusIsNotStarted>
  </PM_ProjectStatus>
  <PM_ProjectStatus>
    <StatusID>5</StatusID>
    <StatusName>Critical</StatusName>
    <StatusDisplayName>Critical</StatusDisplayName>
    <StatusOrder>5</StatusOrder>
    <StatusColor>#ffe1e1</StatusColor>
    <StatusIcon>/Objects/PM_ProjectStatus/StatusIcons/critical.png</StatusIcon>
    <StatusGUID>cc336bc6-6af5-48e6-846c-9205a3f0c409</StatusGUID>
    <StatusLastModified>2013-12-12T14:43:04.6253632+01:00</StatusLastModified>
    <StatusEnabled>true</StatusEnabled>
    <StatusIsFinished>false</StatusIsFinished>
    <StatusIsNotStarted>false</StatusIsNotStarted>
  </PM_ProjectStatus>
  <PM_ProjectStatus>
    <StatusID>6</StatusID>
    <StatusName>Canceled</StatusName>
    <StatusDisplayName>Canceled</StatusDisplayName>
    <StatusOrder>6</StatusOrder>
    <StatusColor>#e5e5e5</StatusColor>
    <StatusIcon>/Objects/PM_ProjectStatus/StatusIcons/canceled.png</StatusIcon>
    <StatusGUID>1a387b32-2c82-45dd-860d-634b46ae78dc</StatusGUID>
    <StatusLastModified>2013-12-12T14:43:20.4839489+01:00</StatusLastModified>
    <StatusEnabled>true</StatusEnabled>
    <StatusIsFinished>false</StatusIsFinished>
    <StatusIsNotStarted>false</StatusIsNotStarted>
  </PM_ProjectStatus>
  <PM_ProjectStatus>
    <StatusID>7</StatusID>
    <StatusName>Finished</StatusName>
    <StatusDisplayName>Finished</StatusDisplayName>
    <StatusOrder>7</StatusOrder>
    <StatusColor>#d7ebbf</StatusColor>
    <StatusIcon>/Objects/PM_ProjectStatus/StatusIcons/finished.png</StatusIcon>
    <StatusGUID>518f57bd-49ec-4274-bea5-beffd6302d34</StatusGUID>
    <StatusLastModified>2013-12-12T14:43:30.1819186+01:00</StatusLastModified>
    <StatusEnabled>true</StatusEnabled>
    <StatusIsFinished>true</StatusIsFinished>
    <StatusIsNotStarted>false</StatusIsNotStarted>
  </PM_ProjectStatus>
</NewDataSet>