<NewDataSet>
  <xs:schema id="NewDataSet" xmlns="" xmlns:xs="http://www.w3.org/2001/XMLSchema" xmlns:msdata="urn:schemas-microsoft-com:xml-msdata">
    <xs:element name="NewDataSet" msdata:IsDataSet="true" msdata:UseCurrentLocale="true" msdata:IsReadOnly="False">
      <xs:complexType>
        <xs:choice minOccurs="0" maxOccurs="unbounded">
          <xs:element name="Reporting_ReportCategory">
            <xs:complexType>
              <xs:sequence>
                <xs:element name="CategoryID" type="xs:int" minOccurs="0" />
                <xs:element name="CategoryDisplayName" type="xs:string" minOccurs="0" />
                <xs:element name="CategoryCodeName" type="xs:string" minOccurs="0" />
                <xs:element name="CategoryGUID" msdata:DataType="System.Guid, mscorlib, Version=4.0.0.0, Culture=neutral, PublicKeyToken=b77a5c561934e089" type="xs:string" minOccurs="0" />
                <xs:element name="CategoryLastModified" type="xs:dateTime" minOccurs="0" />
                <xs:element name="CategoryParentID" type="xs:int" minOccurs="0" />
                <xs:element name="CategoryImagePath" type="xs:string" minOccurs="0" />
                <xs:element name="CategoryPath" type="xs:string" minOccurs="0" />
                <xs:element name="CategoryOrder" type="xs:int" minOccurs="0" />
                <xs:element name="CategoryLevel" type="xs:int" minOccurs="0" />
                <xs:element name="CategoryChildCount" type="xs:int" minOccurs="0" />
                <xs:element name="CategoryReportChildCount" type="xs:int" minOccurs="0" />
              </xs:sequence>
            </xs:complexType>
          </xs:element>
        </xs:choice>
      </xs:complexType>
    </xs:element>
  </xs:schema>
  <Reporting_ReportCategory>
    <CategoryID>47</CategoryID>
    <CategoryDisplayName>All reports</CategoryDisplayName>
    <CategoryCodeName>/</CategoryCodeName>
    <CategoryGUID>5e7ffa76-b570-45b0-80f5-a56cba487a39</CategoryGUID>
    <CategoryLastModified>2014-02-28T16:14:54.5285081+01:00</CategoryLastModified>
    <CategoryPath>/</CategoryPath>
    <CategoryOrder>30</CategoryOrder>
    <CategoryLevel>0</CategoryLevel>
    <CategoryChildCount>18</CategoryChildCount>
    <CategoryReportChildCount>0</CategoryReportChildCount>
  </Reporting_ReportCategory>
  <Reporting_ReportCategory>
    <CategoryID>192</CategoryID>
    <CategoryDisplayName>A/B testing</CategoryDisplayName>
    <CategoryCodeName>ABTesting</CategoryCodeName>
    <CategoryGUID>bde47e65-3e40-4f09-abf1-eaacbe272e71</CategoryGUID>
    <CategoryLastModified>2013-03-01T13:13:49.983+01:00</CategoryLastModified>
    <CategoryParentID>47</CategoryParentID>
    <CategoryPath>/ABTesting</CategoryPath>
    <CategoryOrder>28</CategoryOrder>
    <CategoryLevel>1</CategoryLevel>
    <CategoryChildCount>4</CategoryChildCount>
    <CategoryReportChildCount>0</CategoryReportChildCount>
  </Reporting_ReportCategory>
  <Reporting_ReportCategory>
    <CategoryID>12</CategoryID>
    <CategoryDisplayName>Document reports</CategoryDisplayName>
    <CategoryCodeName>DocumentReports</CategoryCodeName>
    <CategoryGUID>763c75ba-f2a2-40fd-a9a9-0a23fe6caeea</CategoryGUID>
    <CategoryLastModified>2009-01-27T09:19:01.323+01:00</CategoryLastModified>
    <CategoryParentID>47</CategoryParentID>
    <CategoryPath>/DocumentReports</CategoryPath>
    <CategoryOrder>79</CategoryOrder>
    <CategoryLevel>1</CategoryLevel>
    <CategoryChildCount>0</CategoryChildCount>
    <CategoryReportChildCount>8</CategoryReportChildCount>
  </Reporting_ReportCategory>
  <Reporting_ReportCategory>
    <CategoryID>13</CategoryID>
    <CategoryDisplayName>E-commerce</CategoryDisplayName>
    <CategoryCodeName>EcommerceReports</CategoryCodeName>
    <CategoryGUID>10595f9b-8a32-464e-85c6-33404ebfcd67</CategoryGUID>
    <CategoryLastModified>2008-03-13T09:35:00+01:00</CategoryLastModified>
    <CategoryParentID>47</CategoryParentID>
    <CategoryPath>/EcommerceReports</CategoryPath>
    <CategoryOrder>93</CategoryOrder>
    <CategoryLevel>1</CategoryLevel>
    <CategoryChildCount>5</CategoryChildCount>
    <CategoryReportChildCount>0</CategoryReportChildCount>
  </Reporting_ReportCategory>
  <Reporting_ReportCategory>
    <CategoryID>21</CategoryID>
    <CategoryDisplayName>Forums</CategoryDisplayName>
    <CategoryCodeName>Forums</CategoryCodeName>
    <CategoryGUID>0517a811-fbfa-4aeb-a9ae-8a58ce23e12e</CategoryGUID>
    <CategoryLastModified>2008-11-30T15:19:50.53+01:00</CategoryLastModified>
    <CategoryParentID>47</CategoryParentID>
    <CategoryPath>/Forums</CategoryPath>
    <CategoryOrder>100</CategoryOrder>
    <CategoryLevel>1</CategoryLevel>
    <CategoryChildCount>0</CategoryChildCount>
    <CategoryReportChildCount>4</CategoryReportChildCount>
  </Reporting_ReportCategory>
  <Reporting_ReportCategory>
    <CategoryID>19</CategoryID>
    <CategoryDisplayName>Membership</CategoryDisplayName>
    <CategoryCodeName>Membership</CategoryCodeName>
    <CategoryGUID>413a5a4c-8b8a-4328-a693-c56e1de76b83</CategoryGUID>
    <CategoryLastModified>2008-08-22T11:13:22.677+02:00</CategoryLastModified>
    <CategoryParentID>47</CategoryParentID>
    <CategoryPath>/Membership</CategoryPath>
    <CategoryOrder>106</CategoryOrder>
    <CategoryLevel>1</CategoryLevel>
    <CategoryChildCount>0</CategoryChildCount>
    <CategoryReportChildCount>1</CategoryReportChildCount>
  </Reporting_ReportCategory>
  <Reporting_ReportCategory>
    <CategoryID>269</CategoryID>
    <CategoryDisplayName>MVT testing</CategoryDisplayName>
    <CategoryCodeName>MVTesting</CategoryCodeName>
    <CategoryGUID>48d20e80-7544-4791-bb87-741bf42e0be2</CategoryGUID>
    <CategoryLastModified>2011-11-09T09:51:38.88+01:00</CategoryLastModified>
    <CategoryParentID>47</CategoryParentID>
    <CategoryPath>/MVTesting</CategoryPath>
    <CategoryOrder>111</CategoryOrder>
    <CategoryLevel>1</CategoryLevel>
    <CategoryChildCount>4</CategoryChildCount>
    <CategoryReportChildCount>0</CategoryReportChildCount>
  </Reporting_ReportCategory>
  <Reporting_ReportCategory>
    <CategoryID>297</CategoryID>
    <CategoryDisplayName>Banner management</CategoryDisplayName>
    <CategoryCodeName>BannerManagement</CategoryCodeName>
    <CategoryGUID>0bbaf6ee-691e-4b31-9ca5-db098255806b</CategoryGUID>
    <CategoryLastModified>2012-01-12T18:49:15.397+01:00</CategoryLastModified>
    <CategoryParentID>47</CategoryParentID>
    <CategoryPath>/BannerManagement</CategoryPath>
    <CategoryOrder>61</CategoryOrder>
    <CategoryLevel>1</CategoryLevel>
    <CategoryChildCount>2</CategoryChildCount>
    <CategoryReportChildCount>6</CategoryReportChildCount>
  </Reporting_ReportCategory>
  <Reporting_ReportCategory>
    <CategoryID>289</CategoryID>
    <CategoryDisplayName>Online marketing</CategoryDisplayName>
    <CategoryCodeName>OnlineMarketing</CategoryCodeName>
    <CategoryGUID>7d018864-446f-4eda-b802-a607021b9380</CategoryGUID>
    <CategoryLastModified>2011-09-20T10:15:30.387+02:00</CategoryLastModified>
    <CategoryParentID>47</CategoryParentID>
    <CategoryPath>/OnlineMarketing</CategoryPath>
    <CategoryOrder>114</CategoryOrder>
    <CategoryLevel>1</CategoryLevel>
    <CategoryChildCount>2</CategoryChildCount>
    <CategoryReportChildCount>2</CategoryReportChildCount>
  </Reporting_ReportCategory>
  <Reporting_ReportCategory>
    <CategoryID>184</CategoryID>
    <CategoryDisplayName>Sample reports</CategoryDisplayName>
    <CategoryCodeName>SampleReports</CategoryCodeName>
    <CategoryGUID>a4d97a6d-3939-4f8f-be45-a2e7efa20d1e</CategoryGUID>
    <CategoryLastModified>2010-08-26T16:12:22.613+02:00</CategoryLastModified>
    <CategoryParentID>47</CategoryParentID>
    <CategoryPath>/SampleReports</CategoryPath>
    <CategoryOrder>116</CategoryOrder>
    <CategoryLevel>1</CategoryLevel>
    <CategoryChildCount>0</CategoryChildCount>
    <CategoryReportChildCount>1</CategoryReportChildCount>
  </Reporting_ReportCategory>
  <Reporting_ReportCategory>
    <CategoryID>350</CategoryID>
    <CategoryDisplayName>{$sm.ins.socialmarketing$}</CategoryDisplayName>
    <CategoryCodeName>SocialMarketing</CategoryCodeName>
    <CategoryGUID>416f3a5f-488b-4299-bb18-90d87764021a</CategoryGUID>
    <CategoryLastModified>2013-08-13T15:47:47.597+02:00</CategoryLastModified>
    <CategoryParentID>47</CategoryParentID>
    <CategoryPath>/SocialMarketing</CategoryPath>
    <CategoryOrder>20</CategoryOrder>
    <CategoryLevel>1</CategoryLevel>
    <CategoryChildCount>2</CategoryChildCount>
  </Reporting_ReportCategory>
  <Reporting_ReportCategory>
    <CategoryID>4</CategoryID>
    <CategoryDisplayName>Web Analytics</CategoryDisplayName>
    <CategoryCodeName>WebAnalytics</CategoryCodeName>
    <CategoryGUID>8d48afa7-5164-4ec1-94e7-19c18956f79c</CategoryGUID>
    <CategoryLastModified>2008-04-10T17:23:28.803+02:00</CategoryLastModified>
    <CategoryParentID>47</CategoryParentID>
    <CategoryPath>/WebAnalytics</CategoryPath>
    <CategoryOrder>126</CategoryOrder>
    <CategoryLevel>1</CategoryLevel>
    <CategoryChildCount>21</CategoryChildCount>
    <CategoryReportChildCount>0</CategoryReportChildCount>
  </Reporting_ReportCategory>
  <Reporting_ReportCategory>
    <CategoryID>221</CategoryID>
    <CategoryDisplayName>Aggregated views</CategoryDisplayName>
    <CategoryCodeName>AggregatedViews</CategoryCodeName>
    <CategoryGUID>f7c37411-f8a5-4a6d-b9e1-c18cc0e70a17</CategoryGUID>
    <CategoryLastModified>2011-03-15T18:26:51.757+01:00</CategoryLastModified>
    <CategoryParentID>4</CategoryParentID>
    <CategoryPath>/WebAnalytics/AggregatedViews</CategoryPath>
    <CategoryOrder>29</CategoryOrder>
    <CategoryLevel>2</CategoryLevel>
    <CategoryChildCount>0</CategoryChildCount>
    <CategoryReportChildCount>10</CategoryReportChildCount>
  </Reporting_ReportCategory>
  <Reporting_ReportCategory>
    <CategoryID>244</CategoryID>
    <CategoryDisplayName>All traffic sources</CategoryDisplayName>
    <CategoryCodeName>AllTrafficSources</CategoryCodeName>
    <CategoryGUID>0160ccb8-4872-45e4-8cdd-75afbdc4c67f</CategoryGUID>
    <CategoryLastModified>2011-05-06T11:09:09.18+02:00</CategoryLastModified>
    <CategoryParentID>4</CategoryParentID>
    <CategoryPath>/WebAnalytics/AllTrafficSources</CategoryPath>
    <CategoryOrder>60</CategoryOrder>
    <CategoryLevel>2</CategoryLevel>
    <CategoryChildCount>0</CategoryChildCount>
    <CategoryReportChildCount>5</CategoryReportChildCount>
  </Reporting_ReportCategory>
  <Reporting_ReportCategory>
    <CategoryID>234</CategoryID>
    <CategoryDisplayName>Browser capabilities</CategoryDisplayName>
    <CategoryCodeName>BrowserCapabilities</CategoryCodeName>
    <CategoryGUID>725ed798-26b2-459b-b295-fd4e381afd9a</CategoryGUID>
    <CategoryLastModified>2011-05-04T16:54:01.597+02:00</CategoryLastModified>
    <CategoryParentID>4</CategoryParentID>
    <CategoryPath>/WebAnalytics/BrowserCapabilities</CategoryPath>
    <CategoryOrder>90</CategoryOrder>
    <CategoryLevel>2</CategoryLevel>
    <CategoryChildCount>7</CategoryChildCount>
    <CategoryReportChildCount>0</CategoryReportChildCount>
  </Reporting_ReportCategory>
  <Reporting_ReportCategory>
    <CategoryID>219</CategoryID>
    <CategoryDisplayName>Campaign</CategoryDisplayName>
    <CategoryCodeName>Campaign</CategoryCodeName>
    <CategoryGUID>8d008d2b-daef-4d44-aff7-4a3b39d8c33b</CategoryGUID>
    <CategoryLastModified>2011-03-15T17:15:48.353+01:00</CategoryLastModified>
    <CategoryParentID>4</CategoryParentID>
    <CategoryPath>/WebAnalytics/Campaign</CategoryPath>
    <CategoryOrder>98</CategoryOrder>
    <CategoryLevel>2</CategoryLevel>
    <CategoryChildCount>6</CategoryChildCount>
    <CategoryReportChildCount>0</CategoryReportChildCount>
  </Reporting_ReportCategory>
  <Reporting_ReportCategory>
    <CategoryID>226</CategoryID>
    <CategoryDisplayName>Countries</CategoryDisplayName>
    <CategoryCodeName>Countries</CategoryCodeName>
    <CategoryGUID>4fd7544d-b054-4ec0-83c3-71a4715ea655</CategoryGUID>
    <CategoryLastModified>2011-03-16T08:13:03.487+01:00</CategoryLastModified>
    <CategoryParentID>4</CategoryParentID>
    <CategoryPath>/WebAnalytics/Countries</CategoryPath>
    <CategoryOrder>110</CategoryOrder>
    <CategoryLevel>2</CategoryLevel>
    <CategoryChildCount>0</CategoryChildCount>
    <CategoryReportChildCount>5</CategoryReportChildCount>
  </Reporting_ReportCategory>
  <Reporting_ReportCategory>
    <CategoryID>222</CategoryID>
    <CategoryDisplayName>File downloads</CategoryDisplayName>
    <CategoryCodeName>FileDownloads</CategoryCodeName>
    <CategoryGUID>0827b359-9dfd-4e63-adbf-2009fa794c09</CategoryGUID>
    <CategoryLastModified>2011-03-15T18:46:00.313+01:00</CategoryLastModified>
    <CategoryParentID>4</CategoryParentID>
    <CategoryPath>/WebAnalytics/FileDownloads</CategoryPath>
    <CategoryOrder>113</CategoryOrder>
    <CategoryLevel>2</CategoryLevel>
    <CategoryChildCount>0</CategoryChildCount>
    <CategoryReportChildCount>10</CategoryReportChildCount>
  </Reporting_ReportCategory>
  <Reporting_ReportCategory>
    <CategoryID>223</CategoryID>
    <CategoryDisplayName>Invalid pages</CategoryDisplayName>
    <CategoryCodeName>InvalidPages</CategoryCodeName>
    <CategoryGUID>ef1cf9b6-37e5-4983-a65b-d2b370a18deb</CategoryGUID>
    <CategoryLastModified>2011-03-15T19:03:29.383+01:00</CategoryLastModified>
    <CategoryParentID>4</CategoryParentID>
    <CategoryPath>/WebAnalytics/InvalidPages</CategoryPath>
    <CategoryOrder>115</CategoryOrder>
    <CategoryLevel>2</CategoryLevel>
    <CategoryChildCount>0</CategoryChildCount>
    <CategoryReportChildCount>5</CategoryReportChildCount>
  </Reporting_ReportCategory>
  <Reporting_ReportCategory>
    <CategoryID>293</CategoryID>
    <CategoryDisplayName>Mobile devices</CategoryDisplayName>
    <CategoryCodeName>mobiledevices</CategoryCodeName>
    <CategoryGUID>8ba3743b-9945-47b3-9cf5-c8b3a0f336fd</CategoryGUID>
    <CategoryLastModified>2012-01-30T08:53:02.323+01:00</CategoryLastModified>
    <CategoryParentID>4</CategoryParentID>
    <CategoryPath>/WebAnalytics/mobiledevices</CategoryPath>
    <CategoryOrder>118</CategoryOrder>
    <CategoryLevel>2</CategoryLevel>
    <CategoryChildCount>0</CategoryChildCount>
    <CategoryReportChildCount>5</CategoryReportChildCount>
  </Reporting_ReportCategory>
  <Reporting_ReportCategory>
    <CategoryID>248</CategoryID>
    <CategoryDisplayName>On-site keywords</CategoryDisplayName>
    <CategoryCodeName>OnSiteKeywords</CategoryCodeName>
    <CategoryGUID>089b9aac-cb75-4128-99a2-459ed361ea44</CategoryGUID>
    <CategoryLastModified>2011-05-12T13:31:16.86+02:00</CategoryLastModified>
    <CategoryParentID>4</CategoryParentID>
    <CategoryPath>/WebAnalytics/OnSiteKeywords</CategoryPath>
    <CategoryOrder>119</CategoryOrder>
    <CategoryLevel>2</CategoryLevel>
    <CategoryChildCount>0</CategoryChildCount>
    <CategoryReportChildCount>5</CategoryReportChildCount>
  </Reporting_ReportCategory>
  <Reporting_ReportCategory>
    <CategoryID>249</CategoryID>
    <CategoryDisplayName>Page reports</CategoryDisplayName>
    <CategoryCodeName>PageReports</CategoryCodeName>
    <CategoryGUID>896a97c8-83b7-4943-b50d-f9b159ca04f8</CategoryGUID>
    <CategoryLastModified>2011-05-23T13:04:29.313+02:00</CategoryLastModified>
    <CategoryParentID>4</CategoryParentID>
    <CategoryPath>/WebAnalytics/PageReports</CategoryPath>
    <CategoryOrder>120</CategoryOrder>
    <CategoryLevel>2</CategoryLevel>
    <CategoryChildCount>0</CategoryChildCount>
    <CategoryReportChildCount>2</CategoryReportChildCount>
  </Reporting_ReportCategory>
  <Reporting_ReportCategory>
    <CategoryID>224</CategoryID>
    <CategoryDisplayName>Page views</CategoryDisplayName>
    <CategoryCodeName>PageViews</CategoryCodeName>
    <CategoryGUID>6a09d0cf-887b-45b1-a959-3387c29cf3c7</CategoryGUID>
    <CategoryLastModified>2011-03-15T19:09:33.66+01:00</CategoryLastModified>
    <CategoryParentID>4</CategoryParentID>
    <CategoryPath>/WebAnalytics/PageViews</CategoryPath>
    <CategoryOrder>122</CategoryOrder>
    <CategoryLevel>2</CategoryLevel>
    <CategoryChildCount>0</CategoryChildCount>
    <CategoryReportChildCount>10</CategoryReportChildCount>
  </Reporting_ReportCategory>
  <Reporting_ReportCategory>
    <CategoryID>220</CategoryID>
    <CategoryDisplayName>Referrals</CategoryDisplayName>
    <CategoryCodeName>Refferals</CategoryCodeName>
    <CategoryGUID>abd1d9dd-adaf-4f02-98ce-5bc8f7aa3c8d</CategoryGUID>
    <CategoryLastModified>2013-04-17T13:33:37.427+02:00</CategoryLastModified>
    <CategoryParentID>4</CategoryParentID>
    <CategoryPath>/WebAnalytics/Refferals</CategoryPath>
    <CategoryOrder>39</CategoryOrder>
    <CategoryLevel>2</CategoryLevel>
    <CategoryChildCount>0</CategoryChildCount>
    <CategoryReportChildCount>5</CategoryReportChildCount>
  </Reporting_ReportCategory>
  <Reporting_ReportCategory>
    <CategoryID>245</CategoryID>
    <CategoryDisplayName>Referring sites</CategoryDisplayName>
    <CategoryCodeName>RefferingSites</CategoryCodeName>
    <CategoryGUID>9026825c-3aa6-4a78-bb0e-13d53aa47474</CategoryGUID>
    <CategoryLastModified>2013-04-17T13:33:54.617+02:00</CategoryLastModified>
    <CategoryParentID>4</CategoryParentID>
    <CategoryPath>/WebAnalytics/RefferingSites</CategoryPath>
    <CategoryOrder>40</CategoryOrder>
    <CategoryLevel>2</CategoryLevel>
    <CategoryChildCount>0</CategoryChildCount>
    <CategoryReportChildCount>5</CategoryReportChildCount>
  </Reporting_ReportCategory>
  <Reporting_ReportCategory>
    <CategoryID>218</CategoryID>
    <CategoryDisplayName>Registred users</CategoryDisplayName>
    <CategoryCodeName>RegistredUsers</CategoryCodeName>
    <CategoryGUID>a57bf8d4-1711-4a87-a289-10d4ec4d72df</CategoryGUID>
    <CategoryLastModified>2011-03-15T16:42:14.29+01:00</CategoryLastModified>
    <CategoryParentID>4</CategoryParentID>
    <CategoryPath>/WebAnalytics/RegistredUsers</CategoryPath>
    <CategoryOrder>125</CategoryOrder>
    <CategoryLevel>2</CategoryLevel>
    <CategoryChildCount>0</CategoryChildCount>
    <CategoryReportChildCount>5</CategoryReportChildCount>
  </Reporting_ReportCategory>
  <Reporting_ReportCategory>
    <CategoryID>292</CategoryID>
    <CategoryDisplayName>Search crawlers</CategoryDisplayName>
    <CategoryCodeName>SearchCrawlers</CategoryCodeName>
    <CategoryGUID>e45ca3b3-171e-4d3c-bc0c-67545a696f2d</CategoryGUID>
    <CategoryLastModified>2011-12-21T12:47:44.66+01:00</CategoryLastModified>
    <CategoryParentID>4</CategoryParentID>
    <CategoryPath>/WebAnalytics/SearchCrawlers</CategoryPath>
    <CategoryOrder>127</CategoryOrder>
    <CategoryLevel>2</CategoryLevel>
    <CategoryChildCount>0</CategoryChildCount>
    <CategoryReportChildCount>5</CategoryReportChildCount>
  </Reporting_ReportCategory>
  <Reporting_ReportCategory>
    <CategoryID>246</CategoryID>
    <CategoryDisplayName>Search engines</CategoryDisplayName>
    <CategoryCodeName>SearchEngines</CategoryCodeName>
    <CategoryGUID>6aadd5ee-c055-48a6-9f01-c4ede14dcf55</CategoryGUID>
    <CategoryLastModified>2011-05-06T14:14:36.943+02:00</CategoryLastModified>
    <CategoryParentID>4</CategoryParentID>
    <CategoryPath>/WebAnalytics/SearchEngines</CategoryPath>
    <CategoryOrder>128</CategoryOrder>
    <CategoryLevel>2</CategoryLevel>
    <CategoryChildCount>0</CategoryChildCount>
    <CategoryReportChildCount>5</CategoryReportChildCount>
  </Reporting_ReportCategory>
  <Reporting_ReportCategory>
    <CategoryID>247</CategoryID>
    <CategoryDisplayName>Search keywords</CategoryDisplayName>
    <CategoryCodeName>SearchKeywords</CategoryCodeName>
    <CategoryGUID>fe418f07-078c-4c3d-9bdf-cdf5079de0d1</CategoryGUID>
    <CategoryLastModified>2011-05-06T14:31:08.517+02:00</CategoryLastModified>
    <CategoryParentID>4</CategoryParentID>
    <CategoryPath>/WebAnalytics/SearchKeywords</CategoryPath>
    <CategoryOrder>129</CategoryOrder>
    <CategoryLevel>2</CategoryLevel>
    <CategoryChildCount>0</CategoryChildCount>
    <CategoryReportChildCount>5</CategoryReportChildCount>
  </Reporting_ReportCategory>
  <Reporting_ReportCategory>
    <CategoryID>243</CategoryID>
    <CategoryDisplayName>Top exit pages</CategoryDisplayName>
    <CategoryCodeName>TopExistPages</CategoryCodeName>
    <CategoryGUID>6e36495b-2934-4118-bc0b-2fab27305a51</CategoryGUID>
    <CategoryLastModified>2011-05-06T10:34:38.197+02:00</CategoryLastModified>
    <CategoryParentID>4</CategoryParentID>
    <CategoryPath>/WebAnalytics/TopExistPages</CategoryPath>
    <CategoryOrder>130</CategoryOrder>
    <CategoryLevel>2</CategoryLevel>
    <CategoryChildCount>0</CategoryChildCount>
    <CategoryReportChildCount>10</CategoryReportChildCount>
  </Reporting_ReportCategory>
  <Reporting_ReportCategory>
    <CategoryID>242</CategoryID>
    <CategoryDisplayName>Top landing pages</CategoryDisplayName>
    <CategoryCodeName>TopLandingPages</CategoryCodeName>
    <CategoryGUID>d9b0215a-744e-410c-90bc-85c71de3021e</CategoryGUID>
    <CategoryLastModified>2011-05-06T09:55:31.95+02:00</CategoryLastModified>
    <CategoryParentID>4</CategoryParentID>
    <CategoryPath>/WebAnalytics/TopLandingPages</CategoryPath>
    <CategoryOrder>131</CategoryOrder>
    <CategoryLevel>2</CategoryLevel>
    <CategoryChildCount>0</CategoryChildCount>
    <CategoryReportChildCount>10</CategoryReportChildCount>
  </Reporting_ReportCategory>
  <Reporting_ReportCategory>
    <CategoryID>217</CategoryID>
    <CategoryDisplayName>Visits</CategoryDisplayName>
    <CategoryCodeName>Visits</CategoryCodeName>
    <CategoryGUID>7f32b999-d7e0-4909-9a74-4d6e1d02b175</CategoryGUID>
    <CategoryLastModified>2011-03-15T16:07:31.39+01:00</CategoryLastModified>
    <CategoryParentID>4</CategoryParentID>
    <CategoryPath>/WebAnalytics/Visits</CategoryPath>
    <CategoryOrder>132</CategoryOrder>
    <CategoryLevel>2</CategoryLevel>
    <CategoryChildCount>0</CategoryChildCount>
    <CategoryReportChildCount>5</CategoryReportChildCount>
  </Reporting_ReportCategory>
  <Reporting_ReportCategory>
    <CategoryID>225</CategoryID>
    <CategoryDisplayName>Conversion</CategoryDisplayName>
    <CategoryCodeName>Conversion</CategoryCodeName>
    <CategoryGUID>7c6e7488-3d05-417f-8ff7-e63998bea5e2</CategoryGUID>
    <CategoryLastModified>2011-03-15T19:33:59.107+01:00</CategoryLastModified>
    <CategoryParentID>4</CategoryParentID>
    <CategoryPath>/WebAnalytics/Conversion</CategoryPath>
    <CategoryOrder>105</CategoryOrder>
    <CategoryLevel>2</CategoryLevel>
    <CategoryChildCount>2</CategoryChildCount>
    <CategoryReportChildCount>0</CategoryReportChildCount>
  </Reporting_ReportCategory>
  <Reporting_ReportCategory>
    <CategoryID>300</CategoryID>
    <CategoryDisplayName>Customers</CategoryDisplayName>
    <CategoryCodeName>Customers</CategoryCodeName>
    <CategoryGUID>a6879aa2-3b5d-4e47-a266-6a525d8f7425</CategoryGUID>
    <CategoryLastModified>2011-12-20T13:56:20.06+01:00</CategoryLastModified>
    <CategoryParentID>13</CategoryParentID>
    <CategoryPath>/EcommerceReports/Customers</CategoryPath>
    <CategoryOrder>38</CategoryOrder>
    <CategoryLevel>2</CategoryLevel>
    <CategoryChildCount>0</CategoryChildCount>
    <CategoryReportChildCount>4</CategoryReportChildCount>
  </Reporting_ReportCategory>
  <Reporting_ReportCategory>
    <CategoryID>302</CategoryID>
    <CategoryDisplayName>Donations</CategoryDisplayName>
    <CategoryCodeName>Donations</CategoryCodeName>
    <CategoryGUID>bc1df559-218b-4f3d-aed1-5d337606d065</CategoryGUID>
    <CategoryLastModified>2012-01-09T13:28:18.793+01:00</CategoryLastModified>
    <CategoryParentID>13</CategoryParentID>
    <CategoryPath>/EcommerceReports/Donations</CategoryPath>
    <CategoryOrder>65</CategoryOrder>
    <CategoryLevel>2</CategoryLevel>
    <CategoryChildCount>0</CategoryChildCount>
    <CategoryReportChildCount>10</CategoryReportChildCount>
  </Reporting_ReportCategory>
  <Reporting_ReportCategory>
    <CategoryID>232</CategoryID>
    <CategoryDisplayName>Orders</CategoryDisplayName>
    <CategoryCodeName>Orders</CategoryCodeName>
    <CategoryGUID>5332254f-ae4d-4dd3-bb05-76168dbbe374</CategoryGUID>
    <CategoryLastModified>2011-04-21T12:35:10.28+02:00</CategoryLastModified>
    <CategoryParentID>13</CategoryParentID>
    <CategoryPath>/EcommerceReports/Orders</CategoryPath>
    <CategoryOrder>82</CategoryOrder>
    <CategoryLevel>2</CategoryLevel>
    <CategoryChildCount>0</CategoryChildCount>
    <CategoryReportChildCount>15</CategoryReportChildCount>
  </Reporting_ReportCategory>
  <Reporting_ReportCategory>
    <CategoryID>301</CategoryID>
    <CategoryDisplayName>Products</CategoryDisplayName>
    <CategoryCodeName>Products</CategoryCodeName>
    <CategoryGUID>55993d28-45f4-4cd9-8c93-4df09225d81a</CategoryGUID>
    <CategoryLastModified>2012-01-04T08:12:41.043+01:00</CategoryLastModified>
    <CategoryParentID>13</CategoryParentID>
    <CategoryPath>/EcommerceReports/Products</CategoryPath>
    <CategoryOrder>95</CategoryOrder>
    <CategoryLevel>2</CategoryLevel>
    <CategoryChildCount>0</CategoryChildCount>
    <CategoryReportChildCount>4</CategoryReportChildCount>
  </Reporting_ReportCategory>
  <Reporting_ReportCategory>
    <CategoryID>233</CategoryID>
    <CategoryDisplayName>Sales</CategoryDisplayName>
    <CategoryCodeName>Sales</CategoryCodeName>
    <CategoryGUID>6b5745fd-6483-46b0-ae14-539b5ce8989f</CategoryGUID>
    <CategoryLastModified>2011-04-21T16:54:58.627+02:00</CategoryLastModified>
    <CategoryParentID>13</CategoryParentID>
    <CategoryPath>/EcommerceReports/Sales</CategoryPath>
    <CategoryOrder>102</CategoryOrder>
    <CategoryLevel>2</CategoryLevel>
    <CategoryChildCount>0</CategoryChildCount>
    <CategoryReportChildCount>15</CategoryReportChildCount>
  </Reporting_ReportCategory>
  <Reporting_ReportCategory>
    <CategoryID>208</CategoryID>
    <CategoryDisplayName>Conversions count</CategoryDisplayName>
    <CategoryCodeName>ABTestConversionsCountDetail</CategoryCodeName>
    <CategoryGUID>6a31120f-d755-4128-9b32-32009af59257</CategoryGUID>
    <CategoryLastModified>2011-03-30T17:38:47.317+02:00</CategoryLastModified>
    <CategoryParentID>192</CategoryParentID>
    <CategoryPath>/ABTesting/ABTestConversionsCountDetail</CategoryPath>
    <CategoryOrder>99</CategoryOrder>
    <CategoryLevel>2</CategoryLevel>
    <CategoryChildCount>0</CategoryChildCount>
    <CategoryReportChildCount>3</CategoryReportChildCount>
  </Reporting_ReportCategory>
  <Reporting_ReportCategory>
    <CategoryID>212</CategoryID>
    <CategoryDisplayName>Conversion rate</CategoryDisplayName>
    <CategoryCodeName>abtestconversiontestdetail</CategoryCodeName>
    <CategoryGUID>1cce0e41-fab5-446a-b4ad-3d98de4e3716</CategoryGUID>
    <CategoryLastModified>2011-03-30T17:40:55.703+02:00</CategoryLastModified>
    <CategoryParentID>192</CategoryParentID>
    <CategoryPath>/ABTesting/abtestconversiontestdetail</CategoryPath>
    <CategoryOrder>63</CategoryOrder>
    <CategoryLevel>2</CategoryLevel>
    <CategoryChildCount>0</CategoryChildCount>
    <CategoryReportChildCount>3</CategoryReportChildCount>
  </Reporting_ReportCategory>
  <Reporting_ReportCategory>
    <CategoryID>379</CategoryID>
    <CategoryDisplayName>Average conversion value</CategoryDisplayName>
    <CategoryCodeName>AverageConversionValue</CategoryCodeName>
    <CategoryGUID>3d425d86-68b2-41c5-aa0a-7184409f67fb</CategoryGUID>
    <CategoryLastModified>2013-09-11T18:15:33.153+02:00</CategoryLastModified>
    <CategoryParentID>192</CategoryParentID>
    <CategoryPath>/ABTesting/AverageConversionValue</CategoryPath>
    <CategoryOrder>32</CategoryOrder>
    <CategoryLevel>2</CategoryLevel>
    <CategoryReportChildCount>3</CategoryReportChildCount>
  </Reporting_ReportCategory>
  <Reporting_ReportCategory>
    <CategoryID>211</CategoryID>
    <CategoryDisplayName>Conversion value</CategoryDisplayName>
    <CategoryCodeName>ConversionValueDetail</CategoryCodeName>
    <CategoryGUID>5ea8e8fe-a7f9-4286-9639-ab36c7d7e75f</CategoryGUID>
    <CategoryLastModified>2011-06-29T12:17:30.383+02:00</CategoryLastModified>
    <CategoryParentID>192</CategoryParentID>
    <CategoryPath>/ABTesting/ConversionValueDetail</CategoryPath>
    <CategoryOrder>77</CategoryOrder>
    <CategoryLevel>2</CategoryLevel>
    <CategoryChildCount>0</CategoryChildCount>
    <CategoryReportChildCount>3</CategoryReportChildCount>
  </Reporting_ReportCategory>
  <Reporting_ReportCategory>
    <CategoryID>275</CategoryID>
    <CategoryDisplayName>Conversion count</CategoryDisplayName>
    <CategoryCodeName>MVTestConversionCountDetail</CategoryCodeName>
    <CategoryGUID>2c386871-2398-4420-a369-01d0f6b82099</CategoryGUID>
    <CategoryLastModified>2011-06-23T12:21:31.847+02:00</CategoryLastModified>
    <CategoryParentID>269</CategoryParentID>
    <CategoryPath>/MVTesting/MVTestConversionCountDetail</CategoryPath>
    <CategoryOrder>36</CategoryOrder>
    <CategoryLevel>2</CategoryLevel>
    <CategoryChildCount>0</CategoryChildCount>
    <CategoryReportChildCount>5</CategoryReportChildCount>
  </Reporting_ReportCategory>
  <Reporting_ReportCategory>
    <CategoryID>277</CategoryID>
    <CategoryDisplayName>Conversion rate</CategoryDisplayName>
    <CategoryCodeName>MVTestConversionRate</CategoryCodeName>
    <CategoryGUID>0c7b0e0a-298b-4ebc-9836-8e9b7a717297</CategoryGUID>
    <CategoryLastModified>2012-09-12T16:25:37.873+02:00</CategoryLastModified>
    <CategoryParentID>269</CategoryParentID>
    <CategoryPath>/MVTesting/MVTestConversionRate</CategoryPath>
    <CategoryOrder>64</CategoryOrder>
    <CategoryLevel>2</CategoryLevel>
    <CategoryChildCount>0</CategoryChildCount>
    <CategoryReportChildCount>5</CategoryReportChildCount>
  </Reporting_ReportCategory>
  <Reporting_ReportCategory>
    <CategoryID>278</CategoryID>
    <CategoryDisplayName>Conversions by combinations</CategoryDisplayName>
    <CategoryCodeName>MVTestConversionsByCombinations</CategoryCodeName>
    <CategoryGUID>a32e260a-f2c4-4ebd-a37f-fc1bee2c1ab0</CategoryGUID>
    <CategoryLastModified>2011-06-24T10:08:01.813+02:00</CategoryLastModified>
    <CategoryParentID>269</CategoryParentID>
    <CategoryPath>/MVTesting/MVTestConversionsByCombinations</CategoryPath>
    <CategoryOrder>92</CategoryOrder>
    <CategoryLevel>2</CategoryLevel>
    <CategoryChildCount>0</CategoryChildCount>
    <CategoryReportChildCount>5</CategoryReportChildCount>
  </Reporting_ReportCategory>
  <Reporting_ReportCategory>
    <CategoryID>276</CategoryID>
    <CategoryDisplayName>Conversion value</CategoryDisplayName>
    <CategoryCodeName>MVTestConversionValue</CategoryCodeName>
    <CategoryGUID>dbf16179-37c1-471d-8503-83b28f55e4c1</CategoryGUID>
    <CategoryLastModified>2011-06-23T18:43:05.05+02:00</CategoryLastModified>
    <CategoryParentID>269</CategoryParentID>
    <CategoryPath>/MVTesting/MVTestConversionValue</CategoryPath>
    <CategoryOrder>78</CategoryOrder>
    <CategoryLevel>2</CategoryLevel>
    <CategoryChildCount>0</CategoryChildCount>
    <CategoryReportChildCount>5</CategoryReportChildCount>
  </Reporting_ReportCategory>
  <Reporting_ReportCategory>
    <CategoryID>314</CategoryID>
    <CategoryDisplayName>Automation</CategoryDisplayName>
    <CategoryCodeName>Automation</CategoryCodeName>
    <CategoryGUID>6864151f-4ab6-4647-af44-5b3f2ce50842</CategoryGUID>
    <CategoryLastModified>2012-08-07T18:09:51.923+02:00</CategoryLastModified>
    <CategoryParentID>289</CategoryParentID>
    <CategoryPath>/OnlineMarketing/Automation</CategoryPath>
    <CategoryOrder>31</CategoryOrder>
    <CategoryLevel>2</CategoryLevel>
    <CategoryChildCount>0</CategoryChildCount>
    <CategoryReportChildCount>1</CategoryReportChildCount>
  </Reporting_ReportCategory>
  <Reporting_ReportCategory>
    <CategoryID>290</CategoryID>
    <CategoryDisplayName>Scoring</CategoryDisplayName>
    <CategoryCodeName>Scoring</CategoryCodeName>
    <CategoryGUID>6d09b136-829a-499f-8ed5-70d97d87654b</CategoryGUID>
    <CategoryLastModified>2011-09-20T10:16:39.947+02:00</CategoryLastModified>
    <CategoryParentID>289</CategoryParentID>
    <CategoryPath>/OnlineMarketing/Scoring</CategoryPath>
    <CategoryOrder>72</CategoryOrder>
    <CategoryLevel>2</CategoryLevel>
    <CategoryChildCount>0</CategoryChildCount>
    <CategoryReportChildCount>3</CategoryReportChildCount>
  </Reporting_ReportCategory>
  <Reporting_ReportCategory>
    <CategoryID>298</CategoryID>
    <CategoryDisplayName>Impressions</CategoryDisplayName>
    <CategoryCodeName>BannerManagementHits</CategoryCodeName>
    <CategoryGUID>27bbaae4-fdf7-4a92-9cf4-021fb8d3b466</CategoryGUID>
    <CategoryLastModified>2012-05-30T15:18:51.657+02:00</CategoryLastModified>
    <CategoryParentID>297</CategoryParentID>
    <CategoryPath>/BannerManagement/BannerManagementHits</CategoryPath>
    <CategoryOrder>67</CategoryOrder>
    <CategoryLevel>2</CategoryLevel>
    <CategoryChildCount>0</CategoryChildCount>
    <CategoryReportChildCount>5</CategoryReportChildCount>
  </Reporting_ReportCategory>
  <Reporting_ReportCategory>
    <CategoryID>299</CategoryID>
    <CategoryDisplayName>Clicks</CategoryDisplayName>
    <CategoryCodeName>BannerManamentClicks</CategoryCodeName>
    <CategoryGUID>cc317ba7-8c99-4a6c-9f04-be0e620e7dc6</CategoryGUID>
    <CategoryLastModified>2012-01-17T15:21:44.22+01:00</CategoryLastModified>
    <CategoryParentID>297</CategoryParentID>
    <CategoryPath>/BannerManagement/BannerManamentClicks</CategoryPath>
    <CategoryOrder>35</CategoryOrder>
    <CategoryLevel>2</CategoryLevel>
    <CategoryChildCount>0</CategoryChildCount>
    <CategoryReportChildCount>6</CategoryReportChildCount>
  </Reporting_ReportCategory>
  <Reporting_ReportCategory>
    <CategoryID>351</CategoryID>
    <CategoryDisplayName>{$sm.facebook$}</CategoryDisplayName>
    <CategoryCodeName>Facebook</CategoryCodeName>
    <CategoryGUID>91de0408-201a-4012-b4f7-85c2355563de</CategoryGUID>
    <CategoryLastModified>2013-08-12T15:57:08.26+02:00</CategoryLastModified>
    <CategoryParentID>350</CategoryParentID>
    <CategoryPath>/SocialMarketing/Facebook</CategoryPath>
    <CategoryOrder>13</CategoryOrder>
    <CategoryLevel>2</CategoryLevel>
    <CategoryChildCount>21</CategoryChildCount>
    <CategoryReportChildCount>0</CategoryReportChildCount>
  </Reporting_ReportCategory>
  <Reporting_ReportCategory>
    <CategoryID>361</CategoryID>
    <CategoryDisplayName>{$sm.twitter$}</CategoryDisplayName>
    <CategoryCodeName>Twitter</CategoryCodeName>
    <CategoryGUID>f3598ec9-cc5e-482a-84c5-bf9686e7ee8c</CategoryGUID>
    <CategoryLastModified>2013-08-12T15:25:33.42+02:00</CategoryLastModified>
    <CategoryParentID>350</CategoryParentID>
    <CategoryPath>/SocialMarketing/Twitter</CategoryPath>
    <CategoryOrder>27</CategoryOrder>
    <CategoryLevel>2</CategoryLevel>
    <CategoryChildCount>2</CategoryChildCount>
  </Reporting_ReportCategory>
  <Reporting_ReportCategory>
    <CategoryID>261</CategoryID>
    <CategoryDisplayName>Campaign compare</CategoryDisplayName>
    <CategoryCodeName>CampaignCompare</CategoryCodeName>
    <CategoryGUID>41e92a85-5065-40c4-bf34-4e512a6d051e</CategoryGUID>
    <CategoryLastModified>2011-06-15T15:19:32.333+02:00</CategoryLastModified>
    <CategoryParentID>219</CategoryParentID>
    <CategoryPath>/WebAnalytics/Campaign/CampaignCompare</CategoryPath>
    <CategoryOrder>34</CategoryOrder>
    <CategoryLevel>3</CategoryLevel>
    <CategoryChildCount>0</CategoryChildCount>
    <CategoryReportChildCount>5</CategoryReportChildCount>
  </Reporting_ReportCategory>
  <Reporting_ReportCategory>
    <CategoryID>260</CategoryID>
    <CategoryDisplayName>Conversion value</CategoryDisplayName>
    <CategoryCodeName>CampaignConversionValue</CategoryCodeName>
    <CategoryGUID>dd7c9a24-acb5-440e-881b-fe3ff4cddd1d</CategoryGUID>
    <CategoryLastModified>2011-06-15T14:10:17.667+02:00</CategoryLastModified>
    <CategoryParentID>219</CategoryParentID>
    <CategoryPath>/WebAnalytics/Campaign/CampaignConversionValue</CategoryPath>
    <CategoryOrder>91</CategoryOrder>
    <CategoryLevel>3</CategoryLevel>
    <CategoryChildCount>0</CategoryChildCount>
    <CategoryReportChildCount>5</CategoryReportChildCount>
  </Reporting_ReportCategory>
  <Reporting_ReportCategory>
    <CategoryID>284</CategoryID>
    <CategoryDisplayName>Campaign details</CategoryDisplayName>
    <CategoryCodeName>CampaignDetails</CategoryCodeName>
    <CategoryGUID>11624b4a-96d8-470d-8779-5ce3417e26b3</CategoryGUID>
    <CategoryLastModified>2011-07-11T11:58:20.847+02:00</CategoryLastModified>
    <CategoryParentID>219</CategoryParentID>
    <CategoryPath>/WebAnalytics/Campaign/CampaignDetails</CategoryPath>
    <CategoryOrder>62</CategoryOrder>
    <CategoryLevel>3</CategoryLevel>
    <CategoryChildCount>0</CategoryChildCount>
    <CategoryReportChildCount>2</CategoryReportChildCount>
  </Reporting_ReportCategory>
  <Reporting_ReportCategory>
    <CategoryID>258</CategoryID>
    <CategoryDisplayName>Overview</CategoryDisplayName>
    <CategoryCodeName>CampaignOverView</CategoryCodeName>
    <CategoryGUID>39825d12-55c4-45d4-be36-50196215e73d</CategoryGUID>
    <CategoryLastModified>2011-06-14T18:26:06.76+02:00</CategoryLastModified>
    <CategoryParentID>219</CategoryParentID>
    <CategoryPath>/WebAnalytics/Campaign/CampaignOverView</CategoryPath>
    <CategoryOrder>107</CategoryOrder>
    <CategoryLevel>3</CategoryLevel>
    <CategoryChildCount>0</CategoryChildCount>
    <CategoryReportChildCount>5</CategoryReportChildCount>
  </Reporting_ReportCategory>
  <Reporting_ReportCategory>
    <CategoryID>259</CategoryID>
    <CategoryDisplayName>Conversion count</CategoryDisplayName>
    <CategoryCodeName>CampaingConversionCount</CategoryCodeName>
    <CategoryGUID>cbbdc56c-26c7-483d-8b9c-d118b461f207</CategoryGUID>
    <CategoryLastModified>2011-06-14T18:35:17.293+02:00</CategoryLastModified>
    <CategoryParentID>219</CategoryParentID>
    <CategoryPath>/WebAnalytics/Campaign/CampaingConversionCount</CategoryPath>
    <CategoryOrder>76</CategoryOrder>
    <CategoryLevel>3</CategoryLevel>
    <CategoryChildCount>0</CategoryChildCount>
    <CategoryReportChildCount>5</CategoryReportChildCount>
  </Reporting_ReportCategory>
  <Reporting_ReportCategory>
    <CategoryID>279</CategoryID>
    <CategoryDisplayName>Goals</CategoryDisplayName>
    <CategoryCodeName>Goals</CategoryCodeName>
    <CategoryGUID>6b132d6c-e69f-44e8-8c29-7a11e4504289</CategoryGUID>
    <CategoryLastModified>2011-06-29T13:00:17.97+02:00</CategoryLastModified>
    <CategoryParentID>219</CategoryParentID>
    <CategoryPath>/WebAnalytics/Campaign/Goals</CategoryPath>
    <CategoryOrder>101</CategoryOrder>
    <CategoryLevel>3</CategoryLevel>
    <CategoryChildCount>4</CategoryChildCount>
    <CategoryReportChildCount>0</CategoryReportChildCount>
  </Reporting_ReportCategory>
  <Reporting_ReportCategory>
    <CategoryID>294</CategoryID>
    <CategoryDisplayName>Conversion details</CategoryDisplayName>
    <CategoryCodeName>ConversionDetals</CategoryCodeName>
    <CategoryGUID>d924f7a0-0126-4d4e-9376-3d87166c7468</CategoryGUID>
    <CategoryLastModified>2012-09-24T17:11:24.79+02:00</CategoryLastModified>
    <CategoryParentID>225</CategoryParentID>
    <CategoryPath>/WebAnalytics/Conversion/ConversionDetals</CategoryPath>
    <CategoryOrder>37</CategoryOrder>
    <CategoryLevel>3</CategoryLevel>
    <CategoryChildCount>0</CategoryChildCount>
    <CategoryReportChildCount>1</CategoryReportChildCount>
  </Reporting_ReportCategory>
  <Reporting_ReportCategory>
    <CategoryID>295</CategoryID>
    <CategoryDisplayName>Overview</CategoryDisplayName>
    <CategoryCodeName>ConversionOverview</CategoryCodeName>
    <CategoryGUID>793d5743-d2bd-4572-bdde-c4ee8bf9c5d3</CategoryGUID>
    <CategoryLastModified>2012-02-14T18:31:19.64+01:00</CategoryLastModified>
    <CategoryParentID>225</CategoryParentID>
    <CategoryPath>/WebAnalytics/Conversion/ConversionOverview</CategoryPath>
    <CategoryOrder>69</CategoryOrder>
    <CategoryLevel>3</CategoryLevel>
    <CategoryChildCount>0</CategoryChildCount>
    <CategoryReportChildCount>5</CategoryReportChildCount>
  </Reporting_ReportCategory>
  <Reporting_ReportCategory>
    <CategoryID>235</CategoryID>
    <CategoryDisplayName>Browser types</CategoryDisplayName>
    <CategoryCodeName>BrowserTypes</CategoryCodeName>
    <CategoryGUID>c2180ed8-6047-4414-ace0-4a6d635af4eb</CategoryGUID>
    <CategoryLastModified>2011-05-04T16:59:34.597+02:00</CategoryLastModified>
    <CategoryParentID>234</CategoryParentID>
    <CategoryPath>/WebAnalytics/BrowserCapabilities/BrowserTypes</CategoryPath>
    <CategoryOrder>33</CategoryOrder>
    <CategoryLevel>3</CategoryLevel>
    <CategoryChildCount>0</CategoryChildCount>
    <CategoryReportChildCount>5</CategoryReportChildCount>
  </Reporting_ReportCategory>
  <Reporting_ReportCategory>
    <CategoryID>239</CategoryID>
    <CategoryDisplayName>Flash support</CategoryDisplayName>
    <CategoryCodeName>FlashSupport</CategoryCodeName>
    <CategoryGUID>bbbb6978-3842-48d8-934d-3d472c7ad2b7</CategoryGUID>
    <CategoryLastModified>2011-05-05T11:35:29.857+02:00</CategoryLastModified>
    <CategoryParentID>234</CategoryParentID>
    <CategoryPath>/WebAnalytics/BrowserCapabilities/FlashSupport</CategoryPath>
    <CategoryOrder>66</CategoryOrder>
    <CategoryLevel>3</CategoryLevel>
    <CategoryChildCount>0</CategoryChildCount>
    <CategoryReportChildCount>5</CategoryReportChildCount>
  </Reporting_ReportCategory>
  <Reporting_ReportCategory>
    <CategoryID>237</CategoryID>
    <CategoryDisplayName>Java support</CategoryDisplayName>
    <CategoryCodeName>JavaSupport</CategoryCodeName>
    <CategoryGUID>0521d2b1-6b4a-47eb-bc6d-c8f9540f7c7c</CategoryGUID>
    <CategoryLastModified>2011-05-05T09:14:39.9+02:00</CategoryLastModified>
    <CategoryParentID>234</CategoryParentID>
    <CategoryPath>/WebAnalytics/BrowserCapabilities/JavaSupport</CategoryPath>
    <CategoryOrder>80</CategoryOrder>
    <CategoryLevel>3</CategoryLevel>
    <CategoryChildCount>0</CategoryChildCount>
    <CategoryReportChildCount>5</CategoryReportChildCount>
  </Reporting_ReportCategory>
  <Reporting_ReportCategory>
    <CategoryID>241</CategoryID>
    <CategoryDisplayName>Operating system</CategoryDisplayName>
    <CategoryCodeName>OperatingSystem</CategoryCodeName>
    <CategoryGUID>4cf57600-fef9-4e51-8cdc-f2b07429607a</CategoryGUID>
    <CategoryLastModified>2011-05-05T13:12:05.017+02:00</CategoryLastModified>
    <CategoryParentID>234</CategoryParentID>
    <CategoryPath>/WebAnalytics/BrowserCapabilities/OperatingSystem</CategoryPath>
    <CategoryOrder>94</CategoryOrder>
    <CategoryLevel>3</CategoryLevel>
    <CategoryChildCount>0</CategoryChildCount>
    <CategoryReportChildCount>5</CategoryReportChildCount>
  </Reporting_ReportCategory>
  <Reporting_ReportCategory>
    <CategoryID>240</CategoryID>
    <CategoryDisplayName>Screen colors</CategoryDisplayName>
    <CategoryCodeName>ScreenColors</CategoryCodeName>
    <CategoryGUID>4522b3bf-43a9-4b69-a542-2fcd2d188724</CategoryGUID>
    <CategoryLastModified>2011-05-05T12:28:10.807+02:00</CategoryLastModified>
    <CategoryParentID>234</CategoryParentID>
    <CategoryPath>/WebAnalytics/BrowserCapabilities/ScreenColors</CategoryPath>
    <CategoryOrder>103</CategoryOrder>
    <CategoryLevel>3</CategoryLevel>
    <CategoryChildCount>0</CategoryChildCount>
    <CategoryReportChildCount>5</CategoryReportChildCount>
  </Reporting_ReportCategory>
  <Reporting_ReportCategory>
    <CategoryID>236</CategoryID>
    <CategoryDisplayName>Screen resolution</CategoryDisplayName>
    <CategoryCodeName>ScreenResolution</CategoryCodeName>
    <CategoryGUID>1d197150-65da-44ea-9dab-473e445fabd8</CategoryGUID>
    <CategoryLastModified>2011-05-05T09:11:39.74+02:00</CategoryLastModified>
    <CategoryParentID>234</CategoryParentID>
    <CategoryPath>/WebAnalytics/BrowserCapabilities/ScreenResolution</CategoryPath>
    <CategoryOrder>108</CategoryOrder>
    <CategoryLevel>3</CategoryLevel>
    <CategoryChildCount>0</CategoryChildCount>
    <CategoryReportChildCount>5</CategoryReportChildCount>
  </Reporting_ReportCategory>
  <Reporting_ReportCategory>
    <CategoryID>238</CategoryID>
    <CategoryDisplayName>Silverlight support</CategoryDisplayName>
    <CategoryCodeName>SilverlightSupport</CategoryCodeName>
    <CategoryGUID>dbe08781-6f41-46ae-b6c1-4bab17c0dc13</CategoryGUID>
    <CategoryLastModified>2011-05-05T11:08:47.68+02:00</CategoryLastModified>
    <CategoryParentID>234</CategoryParentID>
    <CategoryPath>/WebAnalytics/BrowserCapabilities/SilverlightSupport</CategoryPath>
    <CategoryOrder>112</CategoryOrder>
    <CategoryLevel>3</CategoryLevel>
    <CategoryChildCount>0</CategoryChildCount>
    <CategoryReportChildCount>5</CategoryReportChildCount>
  </Reporting_ReportCategory>
  <Reporting_ReportCategory>
    <CategoryID>364</CategoryID>
    <CategoryDisplayName>{$sm.ins.facebook.page_consumptions$}</CategoryDisplayName>
    <CategoryCodeName>PageConsumptions</CategoryCodeName>
    <CategoryGUID>6a10c49a-bb92-4cf6-bfb9-afeccae1c6b4</CategoryGUID>
    <CategoryLastModified>2013-08-13T09:37:32.387+02:00</CategoryLastModified>
    <CategoryParentID>351</CategoryParentID>
    <CategoryPath>/SocialMarketing/Facebook/PageConsumptions</CategoryPath>
    <CategoryOrder>7</CategoryOrder>
    <CategoryLevel>3</CategoryLevel>
    <CategoryReportChildCount>8</CategoryReportChildCount>
  </Reporting_ReportCategory>
  <Reporting_ReportCategory>
    <CategoryID>375</CategoryID>
    <CategoryDisplayName>{$sm.ins.facebook.page_consumptions_by_consumption_type$}</CategoryDisplayName>
    <CategoryCodeName>PageConsumptionsByConsumptionType</CategoryCodeName>
    <CategoryGUID>0dac23ed-1056-47cf-9cda-551b37227820</CategoryGUID>
    <CategoryLastModified>2013-08-26T14:28:51.667+02:00</CategoryLastModified>
    <CategoryParentID>351</CategoryParentID>
    <CategoryPath>/SocialMarketing/Facebook/PageConsumptionsByConsumptionType</CategoryPath>
    <CategoryOrder>1</CategoryOrder>
    <CategoryLevel>3</CategoryLevel>
    <CategoryReportChildCount>4</CategoryReportChildCount>
  </Reporting_ReportCategory>
  <Reporting_ReportCategory>
    <CategoryID>365</CategoryID>
    <CategoryDisplayName>{$sm.ins.facebook.page_engaged_users$}</CategoryDisplayName>
    <CategoryCodeName>PageEngagedUsers</CategoryCodeName>
    <CategoryGUID>89722722-da59-4ef7-a6ae-a79060e20257</CategoryGUID>
    <CategoryLastModified>2013-08-20T17:27:32.463+02:00</CategoryLastModified>
    <CategoryParentID>351</CategoryParentID>
    <CategoryPath>/SocialMarketing/Facebook/PageEngagedUsers</CategoryPath>
    <CategoryOrder>3</CategoryOrder>
    <CategoryLevel>3</CategoryLevel>
    <CategoryReportChildCount>4</CategoryReportChildCount>
  </Reporting_ReportCategory>
  <Reporting_ReportCategory>
    <CategoryID>360</CategoryID>
    <CategoryDisplayName>{$sm.ins.facebook.page_fan_adds_and_removes$}</CategoryDisplayName>
    <CategoryCodeName>PageFanAddsAndRemoves</CategoryCodeName>
    <CategoryGUID>96408c74-1d6c-4650-a0aa-86f47e317ad4</CategoryGUID>
    <CategoryLastModified>2013-08-20T17:28:24.557+02:00</CategoryLastModified>
    <CategoryParentID>351</CategoryParentID>
    <CategoryPath>/SocialMarketing/Facebook/PageFanAddsAndRemoves</CategoryPath>
    <CategoryOrder>9</CategoryOrder>
    <CategoryLevel>3</CategoryLevel>
    <CategoryReportChildCount>4</CategoryReportChildCount>
  </Reporting_ReportCategory>
  <Reporting_ReportCategory>
    <CategoryID>353</CategoryID>
    <CategoryDisplayName>{$sm.ins.facebook.page_fans$}</CategoryDisplayName>
    <CategoryCodeName>PageFans</CategoryCodeName>
    <CategoryGUID>9ec39753-43d6-45a2-bb6a-d72e1df70067</CategoryGUID>
    <CategoryLastModified>2013-08-12T15:18:33.787+02:00</CategoryLastModified>
    <CategoryParentID>351</CategoryParentID>
    <CategoryPath>/SocialMarketing/Facebook/PageFans</CategoryPath>
    <CategoryOrder>21</CategoryOrder>
    <CategoryLevel>3</CategoryLevel>
    <CategoryChildCount>0</CategoryChildCount>
    <CategoryReportChildCount>4</CategoryReportChildCount>
  </Reporting_ReportCategory>
  <Reporting_ReportCategory>
    <CategoryID>376</CategoryID>
    <CategoryDisplayName>{$sm.ins.facebook.page_fans_by_like_source$}</CategoryDisplayName>
    <CategoryCodeName>PageFansByLikeSource</CategoryCodeName>
    <CategoryGUID>d9b8739a-cca6-4fa9-9929-83de583fa211</CategoryGUID>
    <CategoryLastModified>2013-08-27T10:17:22.607+02:00</CategoryLastModified>
    <CategoryParentID>351</CategoryParentID>
    <CategoryPath>/SocialMarketing/Facebook/PageFansByLikeSource</CategoryPath>
    <CategoryOrder>2</CategoryOrder>
    <CategoryLevel>3</CategoryLevel>
    <CategoryReportChildCount>4</CategoryReportChildCount>
  </Reporting_ReportCategory>
  <Reporting_ReportCategory>
    <CategoryID>368</CategoryID>
    <CategoryDisplayName>{$sm.ins.facebook.page_fans_city$}</CategoryDisplayName>
    <CategoryCodeName>PageFansCity</CategoryCodeName>
    <CategoryGUID>12f61535-60bc-4719-9b2e-9de9d6ee37b4</CategoryGUID>
    <CategoryLastModified>2013-08-22T15:54:27.827+02:00</CategoryLastModified>
    <CategoryParentID>351</CategoryParentID>
    <CategoryPath>/SocialMarketing/Facebook/PageFansCity</CategoryPath>
    <CategoryOrder>4</CategoryOrder>
    <CategoryLevel>3</CategoryLevel>
    <CategoryReportChildCount>4</CategoryReportChildCount>
  </Reporting_ReportCategory>
  <Reporting_ReportCategory>
    <CategoryID>370</CategoryID>
    <CategoryDisplayName>{$sm.ins.facebook.page_fans_country$}</CategoryDisplayName>
    <CategoryCodeName>PageFansCountry</CategoryCodeName>
    <CategoryGUID>3d9fb3d3-743d-4a75-a1c3-e2990653f4ca</CategoryGUID>
    <CategoryLastModified>2013-08-23T09:47:54.053+02:00</CategoryLastModified>
    <CategoryParentID>351</CategoryParentID>
    <CategoryPath>/SocialMarketing/Facebook/PageFansCountry</CategoryPath>
    <CategoryOrder>5</CategoryOrder>
    <CategoryLevel>3</CategoryLevel>
    <CategoryReportChildCount>4</CategoryReportChildCount>
  </Reporting_ReportCategory>
  <Reporting_ReportCategory>
    <CategoryID>371</CategoryID>
    <CategoryDisplayName>{$sm.ins.facebook.page_fans_gender_age$}</CategoryDisplayName>
    <CategoryCodeName>PageFansGenderAge</CategoryCodeName>
    <CategoryGUID>d8e4e600-603a-4f05-9cec-ae9a30e6525e</CategoryGUID>
    <CategoryLastModified>2013-08-23T11:00:12.937+02:00</CategoryLastModified>
    <CategoryParentID>351</CategoryParentID>
    <CategoryPath>/SocialMarketing/Facebook/PageFansGenderAge</CategoryPath>
    <CategoryOrder>6</CategoryOrder>
    <CategoryLevel>3</CategoryLevel>
    <CategoryReportChildCount>4</CategoryReportChildCount>
  </Reporting_ReportCategory>
  <Reporting_ReportCategory>
    <CategoryID>367</CategoryID>
    <CategoryDisplayName>{$sm.ins.facebook.page_fans_locale$}</CategoryDisplayName>
    <CategoryCodeName>PageFansLocale</CategoryCodeName>
    <CategoryGUID>8b9dc8f4-6970-4789-a8f7-70a2402ee326</CategoryGUID>
    <CategoryLastModified>2013-08-21T14:17:55.397+02:00</CategoryLastModified>
    <CategoryParentID>351</CategoryParentID>
    <CategoryPath>/SocialMarketing/Facebook/PageFansLocale</CategoryPath>
    <CategoryOrder>8</CategoryOrder>
    <CategoryLevel>3</CategoryLevel>
    <CategoryReportChildCount>4</CategoryReportChildCount>
  </Reporting_ReportCategory>
  <Reporting_ReportCategory>
    <CategoryID>357</CategoryID>
    <CategoryDisplayName>{$sm.ins.facebook.page_impressions$}</CategoryDisplayName>
    <CategoryCodeName>PageImpressions</CategoryCodeName>
    <CategoryGUID>31bd2ba9-f1b3-49bd-a313-0d6e16576b2e</CategoryGUID>
    <CategoryLastModified>2013-08-12T16:42:35.613+02:00</CategoryLastModified>
    <CategoryParentID>351</CategoryParentID>
    <CategoryPath>/SocialMarketing/Facebook/PageImpressions</CategoryPath>
    <CategoryOrder>11</CategoryOrder>
    <CategoryLevel>3</CategoryLevel>
    <CategoryReportChildCount>4</CategoryReportChildCount>
  </Reporting_ReportCategory>
  <Reporting_ReportCategory>
    <CategoryID>366</CategoryID>
    <CategoryDisplayName>{$sm.ins.facebook.page_negative_feedback$}</CategoryDisplayName>
    <CategoryCodeName>PageNegativeFeedback</CategoryCodeName>
    <CategoryGUID>bc74f28e-8241-4be2-9c25-e5b088c69d97</CategoryGUID>
    <CategoryLastModified>2013-08-13T10:18:22.87+02:00</CategoryLastModified>
    <CategoryParentID>351</CategoryParentID>
    <CategoryPath>/SocialMarketing/Facebook/PageNegativeFeedback</CategoryPath>
    <CategoryOrder>10</CategoryOrder>
    <CategoryLevel>3</CategoryLevel>
    <CategoryReportChildCount>4</CategoryReportChildCount>
  </Reporting_ReportCategory>
  <Reporting_ReportCategory>
    <CategoryID>355</CategoryID>
    <CategoryDisplayName>{$sm.ins.facebook.page_posts_impressions$}</CategoryDisplayName>
    <CategoryCodeName>PagePosts-Impressions</CategoryCodeName>
    <CategoryGUID>e8b26366-4dfe-47ce-b228-81714db6c0b5</CategoryGUID>
    <CategoryLastModified>2013-08-12T16:43:07.39+02:00</CategoryLastModified>
    <CategoryParentID>351</CategoryParentID>
    <CategoryPath>/SocialMarketing/Facebook/PagePosts-Impressions</CategoryPath>
    <CategoryOrder>12</CategoryOrder>
    <CategoryLevel>3</CategoryLevel>
    <CategoryReportChildCount>4</CategoryReportChildCount>
  </Reporting_ReportCategory>
  <Reporting_ReportCategory>
    <CategoryID>352</CategoryID>
    <CategoryDisplayName>{$sm.ins.facebook.page_stories$}</CategoryDisplayName>
    <CategoryCodeName>PageStories</CategoryCodeName>
    <CategoryGUID>e777a12a-7f7e-433c-8241-73d6b1539843</CategoryGUID>
    <CategoryLastModified>2013-08-12T15:39:08.103+02:00</CategoryLastModified>
    <CategoryParentID>351</CategoryParentID>
    <CategoryPath>/SocialMarketing/Facebook/PageStories</CategoryPath>
    <CategoryOrder>19</CategoryOrder>
    <CategoryLevel>3</CategoryLevel>
    <CategoryReportChildCount>4</CategoryReportChildCount>
  </Reporting_ReportCategory>
  <Reporting_ReportCategory>
    <CategoryID>372</CategoryID>
    <CategoryDisplayName>{$sm.ins.facebook.page_stories_by_story_type$}</CategoryDisplayName>
    <CategoryCodeName>PageStoriesByStoryType</CategoryCodeName>
    <CategoryGUID>2257ffc7-6c40-4d95-898b-a1e2017142ca</CategoryGUID>
    <CategoryLastModified>2013-08-23T11:19:40.123+02:00</CategoryLastModified>
    <CategoryParentID>351</CategoryParentID>
    <CategoryPath>/SocialMarketing/Facebook/PageStoriesByStoryType</CategoryPath>
    <CategoryOrder>16</CategoryOrder>
    <CategoryLevel>3</CategoryLevel>
    <CategoryReportChildCount>4</CategoryReportChildCount>
  </Reporting_ReportCategory>
  <Reporting_ReportCategory>
    <CategoryID>356</CategoryID>
    <CategoryDisplayName>{$sm.ins.facebook.page_storytellers$}</CategoryDisplayName>
    <CategoryCodeName>PageStorytellers</CategoryCodeName>
    <CategoryGUID>7a2222a0-1e45-44d5-a83e-061c357fa446</CategoryGUID>
    <CategoryLastModified>2013-08-12T15:15:06.547+02:00</CategoryLastModified>
    <CategoryParentID>351</CategoryParentID>
    <CategoryPath>/SocialMarketing/Facebook/PageStorytellers</CategoryPath>
    <CategoryOrder>23</CategoryOrder>
    <CategoryLevel>3</CategoryLevel>
    <CategoryReportChildCount>4</CategoryReportChildCount>
  </Reporting_ReportCategory>
  <Reporting_ReportCategory>
    <CategoryID>374</CategoryID>
    <CategoryDisplayName>{$sm.ins.facebook.page_storytellers_by_age_gender$}</CategoryDisplayName>
    <CategoryCodeName>PageStorytellersByAgeGender</CategoryCodeName>
    <CategoryGUID>6d680628-1983-4e80-90cc-6b87356f3a49</CategoryGUID>
    <CategoryLastModified>2013-08-23T14:37:40.027+02:00</CategoryLastModified>
    <CategoryParentID>351</CategoryParentID>
    <CategoryPath>/SocialMarketing/Facebook/PageStorytellersByAgeGender</CategoryPath>
    <CategoryOrder>14</CategoryOrder>
    <CategoryLevel>3</CategoryLevel>
    <CategoryReportChildCount>4</CategoryReportChildCount>
  </Reporting_ReportCategory>
  <Reporting_ReportCategory>
    <CategoryID>377</CategoryID>
    <CategoryDisplayName>{$sm.ins.facebook.page_storytellers_by_country$}</CategoryDisplayName>
    <CategoryCodeName>PageStorytellersByCountry</CategoryCodeName>
    <CategoryGUID>630e348b-d206-4f65-83ee-04bb177cf9d4</CategoryGUID>
    <CategoryLastModified>2013-08-28T12:15:33.657+02:00</CategoryLastModified>
    <CategoryParentID>351</CategoryParentID>
    <CategoryPath>/SocialMarketing/Facebook/PageStorytellersByCountry</CategoryPath>
    <CategoryOrder>15</CategoryOrder>
    <CategoryLevel>3</CategoryLevel>
    <CategoryReportChildCount>4</CategoryReportChildCount>
  </Reporting_ReportCategory>
  <Reporting_ReportCategory>
    <CategoryID>378</CategoryID>
    <CategoryDisplayName>{$sm.ins.facebook.page_storytellers_by_locale$}</CategoryDisplayName>
    <CategoryCodeName>PageStorytellersByLocale</CategoryCodeName>
    <CategoryGUID>6bec8317-a497-4186-abf6-07fd6335ae6b</CategoryGUID>
    <CategoryLastModified>2013-08-28T12:23:14.07+02:00</CategoryLastModified>
    <CategoryParentID>351</CategoryParentID>
    <CategoryPath>/SocialMarketing/Facebook/PageStorytellersByLocale</CategoryPath>
    <CategoryOrder>17</CategoryOrder>
    <CategoryLevel>3</CategoryLevel>
    <CategoryReportChildCount>4</CategoryReportChildCount>
  </Reporting_ReportCategory>
  <Reporting_ReportCategory>
    <CategoryID>373</CategoryID>
    <CategoryDisplayName>{$sm.ins.facebook.page_storytellers_by_story_type$}</CategoryDisplayName>
    <CategoryCodeName>PageStorytellersByStoryType</CategoryCodeName>
    <CategoryGUID>877ef3a3-5678-46af-a73a-6ef82f0d865c</CategoryGUID>
    <CategoryLastModified>2013-08-23T13:41:23.907+02:00</CategoryLastModified>
    <CategoryParentID>351</CategoryParentID>
    <CategoryPath>/SocialMarketing/Facebook/PageStorytellersByStoryType</CategoryPath>
    <CategoryOrder>18</CategoryOrder>
    <CategoryLevel>3</CategoryLevel>
    <CategoryReportChildCount>4</CategoryReportChildCount>
  </Reporting_ReportCategory>
  <Reporting_ReportCategory>
    <CategoryID>358</CategoryID>
    <CategoryDisplayName>{$sm.ins.facebook.page_views$}</CategoryDisplayName>
    <CategoryCodeName>PageViews_1</CategoryCodeName>
    <CategoryGUID>82edad68-d820-4b0a-a9a0-ed91a6528224</CategoryGUID>
    <CategoryLastModified>2013-08-12T15:42:22.68+02:00</CategoryLastModified>
    <CategoryParentID>351</CategoryParentID>
    <CategoryPath>/SocialMarketing/Facebook/PageViews_1</CategoryPath>
    <CategoryOrder>25</CategoryOrder>
    <CategoryLevel>3</CategoryLevel>
    <CategoryReportChildCount>4</CategoryReportChildCount>
  </Reporting_ReportCategory>
  <Reporting_ReportCategory>
    <CategoryID>362</CategoryID>
    <CategoryDisplayName>{$sm.ins.twitter_channel_followers$}</CategoryDisplayName>
    <CategoryCodeName>ChannelFollowers</CategoryCodeName>
    <CategoryGUID>60028e63-17b1-4afc-b98e-961208403bda</CategoryGUID>
    <CategoryLastModified>2013-08-12T16:00:32.65+02:00</CategoryLastModified>
    <CategoryParentID>361</CategoryParentID>
    <CategoryPath>/SocialMarketing/Twitter/ChannelFollowers</CategoryPath>
    <CategoryOrder>24</CategoryOrder>
    <CategoryLevel>3</CategoryLevel>
    <CategoryReportChildCount>4</CategoryReportChildCount>
  </Reporting_ReportCategory>
  <Reporting_ReportCategory>
    <CategoryID>363</CategoryID>
    <CategoryDisplayName>{$sm.ins.twitter.channel_mentions$}</CategoryDisplayName>
    <CategoryCodeName>ChannelMentions</CategoryCodeName>
    <CategoryGUID>205808d2-6408-4344-adcf-61001d414ad0</CategoryGUID>
    <CategoryLastModified>2013-08-12T16:01:10.923+02:00</CategoryLastModified>
    <CategoryParentID>361</CategoryParentID>
    <CategoryPath>/SocialMarketing/Twitter/ChannelMentions</CategoryPath>
    <CategoryOrder>22</CategoryOrder>
    <CategoryLevel>3</CategoryLevel>
    <CategoryReportChildCount>4</CategoryReportChildCount>
  </Reporting_ReportCategory>
  <Reporting_ReportCategory>
    <CategoryID>281</CategoryID>
    <CategoryDisplayName>Number of conversions</CategoryDisplayName>
    <CategoryCodeName>NumberOfConversions</CategoryCodeName>
    <CategoryGUID>7a223a86-6a9e-4cea-92ca-a7f92c45495a</CategoryGUID>
    <CategoryLastModified>2011-07-07T11:48:52.103+02:00</CategoryLastModified>
    <CategoryParentID>279</CategoryParentID>
    <CategoryPath>/WebAnalytics/Campaign/Goals/NumberOfConversions</CategoryPath>
    <CategoryOrder>41</CategoryOrder>
    <CategoryLevel>4</CategoryLevel>
    <CategoryChildCount>0</CategoryChildCount>
    <CategoryReportChildCount>10</CategoryReportChildCount>
  </Reporting_ReportCategory>
  <Reporting_ReportCategory>
    <CategoryID>280</CategoryID>
    <CategoryDisplayName>Number of visitors</CategoryDisplayName>
    <CategoryCodeName>NumberOfVisitors</CategoryCodeName>
    <CategoryGUID>02317aeb-a14c-471e-9f41-de74e38dc474</CategoryGUID>
    <CategoryLastModified>2011-06-29T13:00:35.447+02:00</CategoryLastModified>
    <CategoryParentID>279</CategoryParentID>
    <CategoryPath>/WebAnalytics/Campaign/Goals/NumberOfVisitors</CategoryPath>
    <CategoryOrder>68</CategoryOrder>
    <CategoryLevel>4</CategoryLevel>
    <CategoryChildCount>0</CategoryChildCount>
    <CategoryReportChildCount>10</CategoryReportChildCount>
  </Reporting_ReportCategory>
  <Reporting_ReportCategory>
    <CategoryID>282</CategoryID>
    <CategoryDisplayName>Value of conversions</CategoryDisplayName>
    <CategoryCodeName>ValueOfConversions</CategoryCodeName>
    <CategoryGUID>fdbfb3b2-aa5e-48a4-bdb3-7120c0345736</CategoryGUID>
    <CategoryLastModified>2011-07-08T08:59:20.863+02:00</CategoryLastModified>
    <CategoryParentID>279</CategoryParentID>
    <CategoryPath>/WebAnalytics/Campaign/Goals/ValueOfConversions</CategoryPath>
    <CategoryOrder>89</CategoryOrder>
    <CategoryLevel>4</CategoryLevel>
    <CategoryChildCount>0</CategoryChildCount>
    <CategoryReportChildCount>10</CategoryReportChildCount>
  </Reporting_ReportCategory>
  <Reporting_ReportCategory>
    <CategoryID>283</CategoryID>
    <CategoryDisplayName>Value per visitor</CategoryDisplayName>
    <CategoryCodeName>ValuePerVisitor</CategoryCodeName>
    <CategoryGUID>5c58da32-d16b-4d58-a99c-6acb8613d292</CategoryGUID>
    <CategoryLastModified>2011-07-08T12:59:16.32+02:00</CategoryLastModified>
    <CategoryParentID>279</CategoryParentID>
    <CategoryPath>/WebAnalytics/Campaign/Goals/ValuePerVisitor</CategoryPath>
    <CategoryOrder>97</CategoryOrder>
    <CategoryLevel>4</CategoryLevel>
    <CategoryChildCount>0</CategoryChildCount>
    <CategoryReportChildCount>10</CategoryReportChildCount>
  </Reporting_ReportCategory>
</NewDataSet>