﻿<category name="HTML Envelope" />

<field column="ContentBefore" fieldcaption="Content before" visible="true" columntype="longtext" fieldtype="usercontrol" allowempty="true" fielddescription="{$documentation.webpartproperties.contentbefore$}" guid="80e99300-3501-4942-a554-ca545fda2c8c">
  <settings>
    <controlname>largetextarea</controlname>
  </settings>
</field>
<field column="ContentAfter" fieldcaption="Content after" visible="true" columntype="longtext" fieldtype="usercontrol" allowempty="true" fielddescription="{$documentation.webpartproperties.contentafter$}" guid="5f2d51db-7b8a-4c1b-94ed-5bf58c5ab6e9">
  <settings>
    <controlname>largetextarea</controlname>
  </settings>
</field>