<form>
	<field column="WebPartControlID" fieldcaption="Web part control ID" visible="false" columntype="text" fieldtype="textbox" allowempty="true" isPK="false" system="false" columnsize="50" fielddescription="{$documentation.webpartproperties.id$}" regularexpression="\w+" validationerrormessage="Control ID must match identificator format." publicfield="false" spellcheck="true" guid="3718b090-f3a5-464d-919a-a11e9b5eb934" />
	<field column="WebPartTitle" fieldcaption="Web part title" visible="false" columntype="text" fieldtype="textbox" allowempty="true" isPK="false" system="false" columnsize="200" fielddescription="{$documentation.webpartproperties.webparttitle$}" publicfield="false" spellcheck="true" guid="2bf266ee-b4fb-4f3b-9a91-523cf7b55e7e" />
	<field column="DisableViewState" fieldcaption="Disable view state" visible="false" defaultvalue="false" columntype="boolean" fieldtype="checkbox" allowempty="false" isPK="false" system="false" fielddescription="{$documentation.webpartproperties.disableviewstate$}" publicfield="false" spellcheck="true" guid="ee85cfe4-7726-4b4d-80e2-e7bf2991d9d5" />
	<field column="DisableMacros" fieldcaption="Disable macros" visible="false" defaultvalue="false" columntype="boolean" fieldtype="checkbox" allowempty="false" isPK="false" system="false" fielddescription="{$documentation.webpartproperties.disablemacros$}" publicfield="false" spellcheck="true" guid="ee85cfe4-7726-4b4d-80e2-e7bf2991d9d5" />
	<category name="Visibility" />
	<field column="Visible" fieldcaption="Visible" visible="false" defaultvalue="true" columntype="boolean" fieldtype="checkbox" allowempty="false" isPK="false" system="false" fielddescription="{$documentation.webpartproperties.visible$}" publicfield="false" spellcheck="true" guid="8f751ce3-374f-4026-b935-2389d694a10c" />
	<field column="HideOnSubPages" fieldcaption="Hide on subpages" visible="false" columntype="boolean" fieldtype="checkbox" allowempty="false" isPK="false" system="false" fielddescription="{$documentation.webpartproperties.hideonsub$}" publicfield="false" spellcheck="true" guid="f0ac3f83-83c6-4b8e-80ae-d073acdd93fb" />
	<field column="ShowForDocumentTypes" fieldcaption="Show for document types" visible="false" columntype="text" fieldtype="usercontrol" allowempty="true" isPK="false" system="false" columnsize="400" fielddescription="{$documentation.webpartproperties.showfordocumenttypes$}" publicfield="false" spellcheck="true" guid="b3b46d10-668e-4d4b-8805-af671b474a31">
		<settings>
			<controlname>selectclassnames</controlname>
		</settings>
	</field>
	<field column="DisplayToRoles" fieldcaption="Display to roles" visible="false" columntype="text" fieldtype="usercontrol" allowempty="true" isPK="false" system="false" columnsize="200" fielddescription="{$documentation.webpartproperties.displaytoroles$}" publicfield="false" spellcheck="true" guid="190c38c7-904b-4044-bc78-6998b50ae31a">
		<settings>
			<controlname>rolecheckboxselector</controlname>
		</settings>
	</field>
</form>